timestamp_utc,load_kwh,pv_kwh,ev_baseline_kwh,ev_opt_kwh,charge_kwh,discharge_kwh,soc_kwh,grid_import_baseline_kwh,grid_import_opt_kwh,emissions_baseline_kg,emissions_opt_kg,fossil_kwh_baseline,fossil_kwh_opt
2025-09-29 01:00:00+00:00,2.6023643249400514,0.576,0.0,0.0,0.0,0.0,12.825,2.0263643249400514,2.0263643249400514,0.6707448571463646,0.6707448571463646,1.4406044882530349,1.4406044882530349
2025-09-29 02:00:00+00:00,2.690092739265187,0.0,0.0,0.0,0.0,0.0,12.825,2.690092739265187,2.690092739265187,1.0682527824985204,1.0682527824985204,2.375777615519462,2.375777615519462
2025-09-29 03:00:00+00:00,2.528831922543927,0.0,0.0,0.0,0.0,0.0,12.825,2.528831922543927,2.528831922543927,1.028516962143705,1.028516962143705,2.3007787181969683,2.3007787181969683
2025-09-29 04:00:00+00:00,2.689729889427449,0.0,0.0,0.0,0.0,0.0,12.825,2.689729889427449,2.689729889427449,1.1054444375049017,1.1054444375049017,2.450188960462807,2.450188960462807
2025-09-29 05:00:00+00:00,2.562366290402097,0.0,0.0,0.0,0.0,0.0,12.825,2.562366290402097,2.562366290402097,1.0514963523405108,1.0514963523405108,2.301962276164989,2.301962276164989
2025-09-29 06:00:00+00:00,2.5846652897945153,0.0,0.0,0.0,0.0,0.0,12.825,2.5846652897945153,2.5846652897945153,1.06919798775503,1.06919798775503,2.3434049262753454,2.3434049262753454
2025-09-29 07:00:00+00:00,2.6655405187640886,0.0,0.0,0.0,0.0,2.6655405187640886,10.019167874985168,2.6655405187640886,0.0,1.1312371258331506,0.0,2.407552571089909,0.0
2025-09-29 08:00:00+00:00,2.581839827273832,0.0,0.0,0.0,0.0,2.581839827273832,7.301441741012713,2.581839827273832,0.0,1.0973199596737657,0.0,2.3312609618624363,0.0
2025-09-29 09:00:00+00:00,2.609918737534612,0.0,0.0,0.0,0.0,2.609918737534612,4.554158859397331,2.609918737534612,0.0,1.113769162834883,0.0,2.3709424037533324,0.0
2025-09-29 10:00:00+00:00,2.5055118226486135,0.0,0.0,0.0,0.0,2.5055118226486135,1.9167779934514222,2.5055118226486135,0.0,1.0965662147378155,0.0,2.325884246039478,0.0
2025-09-29 11:00:00+00:00,2.650702621734961,0.0,0.0,0.0,0.0,0.538439093778851,1.35,2.650702621734961,2.1122635279561104,1.1962411098883152,0.9532478092185903,2.4847647648345474,1.9800327450067472
2025-09-29 12:00:00+00:00,2.607628662643856,0.0,0.0,0.0,0.0,0.0,1.35,2.607628662643856,2.607628662643856,1.178650961348357,1.178650961348357,2.445911146965455,2.445911146965455
2025-09-29 13:00:00+00:00,2.5659463432998186,0.0,0.0,0.0,0.0,0.0,1.35,2.5659463432998186,2.5659463432998186,1.1695846459619508,1.1695846459619508,2.4280855944134143,2.4280855944134143
2025-09-29 14:00:00+00:00,2.6576857406856806,0.19712000000000002,0.0,0.0,0.0,0.0,1.35,2.4605657406856807,2.4605657406856807,1.0864883588696326,1.0864883588696326,2.254902838436177,2.254902838436177
2025-09-29 15:00:00+00:00,2.560638965858329,1.3299200000000002,0.0,0.0,0.0,0.0,1.35,1.2307189658583286,1.2307189658583286,0.4492018499452223,0.4492018499452223,0.9185687310816179,0.9185687310816179
2025-09-29 16:00:00+00:00,2.5906995778961304,2.6976,0.0,0.0,5.0,0.0,6.1,0.0,0.0,0.0,0.0,0.0,0.0
2025-09-29 17:00:00+00:00,2.526808339449433,3.904,0.0,0.0,5.0,0.0,10.85,0.0,0.0,0.0,0.0,0.0,0.0
2025-09-29 18:00:00+00:00,3.580622597289426,4.5632,21.53846153846154,7.0,2.078947368421052,0.0,12.825,20.555884135750965,6.017422597289427,5.7249400816235365,1.6758891803332745,11.862623483231317,3.4726026932105265
2025-09-29 19:00:00+00:00,3.54069104813523,5.04832,21.53846153846154,7.0,0.0,0.0,12.825,20.03083258659677,5.4923710481352295,5.412399128367108,1.4840573473459617,11.228118053939932,3.078703306909406
2025-09-29 20:00:00+00:00,3.5524626680883697,5.42848,21.53846153846154,7.0,0.0,0.0,12.825,19.66244420654991,5.12398266808837,5.241702911634161,1.3659743716671182,11.041579073892601,2.8774072647644777
2025-09-29 21:00:00+00:00,3.6500729345260106,5.1104,21.53846153846154,7.0,0.0,0.0,12.825,20.07813447298755,5.53967293452601,5.3785737426877045,1.4839794717385355,11.128795506973013,3.070498773020709
2025-09-29 22:00:00+00:00,3.556081751597208,4.353280000000001,21.53846153846154,7.0,0.0,0.0,12.825,20.741263290058747,6.202801751597208,5.564370516341301,1.6640590644177644,11.598395500187324,3.46857117226611
2025-09-29 23:00:00+00:00,2.597038194886327,3.24352,21.53846153846154,7.0,0.0,0.0,12.825,20.891979733347867,6.353518194886327,5.650853660091848,1.7184968588077534,12.113858550864073,3.6839792923186376
2025-09-30 00:00:00+00:00,2.6961474399602476,1.904,21.53846153846154,7.0,0.0,0.0,12.825,22.33060897842179,7.792147439960248,6.166398175766972,2.1517319033040554,13.368012021563016,4.664696818247809
2025-09-30 01:00:00+00:00,2.6923314387327575,0.5504,21.53846153846154,7.0,0.0,0.0,12.825,23.6803929771943,9.141931438732758,7.724549305367829,2.9821000104513606,17.30115014192121,6.679193565790437
2025-09-30 02:00:00+00:00,2.6449579881547067,0.0,21.53846153846154,7.0,0.0,0.0,12.825,24.183419526616248,9.644957988154706,9.313486694247143,3.7144535242580865,21.424141694052132,8.544488356743106
2025-09-30 03:00:00+00:00,2.608245371109487,0.0,21.53846153846154,7.0,0.0,0.0,12.825,24.146706909571027,9.608245371109486,9.28105905034561,3.6930374395744563,21.862995927999613,8.699531170460531
2025-09-30 04:00:00+00:00,2.555378240809074,0.0,21.53846153846154,7.0,0.0,0.0,12.825,24.093839779270613,9.555378240809073,9.117733319084678,3.6160027360038787,21.654905225001368,8.588120950807818
2025-09-30 05:00:00+00:00,2.5321304017550252,0.0,21.53846153846154,7.0,0.0,0.0,12.825,24.070591940216566,9.532130401755026,9.118847001671167,3.61113008560272,21.551742246447184,8.534647506317164
2025-09-30 06:00:00+00:00,2.6939850826432266,0.0,21.53846153846154,7.0,0.0,0.0,12.825,24.232446621104767,9.693985082643227,9.314654596979759,3.7262486997270154,21.7604117980122,8.705068483608482
2025-09-30 07:00:00+00:00,2.603213717109576,0.0,0.0,0.0,0.0,0.0,12.825,2.603213717109576,2.603213717109576,1.0290690761155081,1.0290690761155081,2.328844265786553,2.328844265786553
2025-09-30 08:00:00+00:00,2.5231731224941543,0.0,0.0,0.0,0.0,0.0,12.825,2.5231731224941543,2.5231731224941543,1.0347848983858785,1.0347848983858785,2.3017472059356865,2.3017472059356865
2025-09-30 09:00:00+00:00,2.6246979511075,0.0,0.0,0.0,0.0,0.0,12.825,2.6246979511075,2.6246979511075,1.0965297437302584,1.0965297437302584,2.397185608069839,2.397185608069839
2025-09-30 10:00:00+00:00,2.6553366228684596,0.0,0.0,0.0,0.0,2.6553366228684596,10.0299088180332,2.6553366228684596,0.0,1.1273117842519231,0.0,2.424426932527826,0.0
2025-09-30 11:00:00+00:00,2.6226006602106082,0.0,0.0,0.0,0.0,2.6226006602106082,7.269276544127296,2.6226006602106082,0.0,1.1294808841253456,0.0,2.4234411366914665,0.0
2025-09-30 12:00:00+00:00,2.6834595409581805,0.0,0.0,0.0,0.0,2.6834595409581805,4.444582290487105,2.6834595409581805,0.0,1.1575158636923994,0.0,2.4906483834194306,0.0
2025-09-30 13:00:00+00:00,2.5079185753328406,0.0,0.0,0.0,0.0,2.5079185753328406,1.8046680006630624,2.5079185753328406,0.0,1.084238608857181,0.0,2.342353300129345,0.0
2025-09-30 14:00:00+00:00,2.6057178526520044,0.19328,0.0,0.0,0.0,0.4319346006299092,1.35,2.4124378526520043,1.980503252022095,1.0251799708940785,0.8416267652373475,2.195548549061041,1.8024468637016648
2025-09-30 15:00:00+00:00,2.5918671765770807,1.3299200000000002,0.0,0.0,0.0,0.0,1.35,1.2619471765770804,1.2619471765770804,0.45193491678510234,0.45193491678510234,0.9441965491119332,0.9441965491119332
2025-09-30 16:00:00+00:00,2.5124699158299753,2.7104,0.0,0.0,5.0,0.0,6.1,0.0,0.0,0.0,0.0,0.0,0.0
2025-09-30 17:00:00+00:00,2.628265633827875,3.9168000000000003,0.0,0.0,5.0,0.0,10.85,0.0,0.0,0.0,0.0,0.0,0.0
2025-09-30 18:00:00+00:00,3.670526567696131,4.81792,0.0,0.0,2.078947368421052,0.0,12.825,0.0,0.0,0.0,0.0,0.0,0.0
2025-09-30 19:00:00+00:00,3.618588203620857,5.3248,0.0,0.0,0.0,0.0,12.825,0.0,0.0,0.0,0.0,0.0,0.0
2025-09-30 20:00:00+00:00,3.552019489547445,5.41952,0.0,0.0,0.0,0.0,12.825,0.0,0.0,0.0,0.0,0.0,0.0
2025-09-30 21:00:00+00:00,3.667976304206282,5.059200000000001,0.0,0.0,0.0,0.0,12.825,0.0,0.0,0.0,0.0,0.0,0.0
2025-09-30 22:00:00+00:00,3.601899176304302,4.2944,0.0,0.0,0.0,0.0,12.825,0.0,0.0,0.0,0.0,0.0,0.0
2025-09-30 23:00:00+00:00,2.6021777768933068,3.2179200000000003,0.0,0.0,0.0,0.0,12.825,0.0,0.0,0.0,0.0,0.0,0.0
2025-10-01 00:00:00+00:00,2.6506060415404358,1.8956799999999998,0.0,0.0,0.0,0.0,12.825,0.754926041540436,0.754926041540436,0.21964098527514014,0.21964098527514014,0.48130508696654184,0.48130508696654184
2025-10-01 01:00:00+00:00,2.5295844071569915,0.5472,0.0,0.0,0.0,0.0,12.825,1.9823844071569914,1.9823844071569914,0.6470245787362114,0.6470245787362114,1.4971863894819821,1.4971863894819821
2025-10-01 02:00:00+00:00,2.6639253438238555,0.0,0.0,0.0,0.0,0.0,12.825,2.6639253438238555,2.6639253438238555,1.0282207850016523,1.0282207850016523,2.359577260956742,2.359577260956742
2025-10-01 03:00:00+00:00,2.6366573812006515,0.0,0.0,0.0,0.0,0.0,12.825,2.6366573812006515,2.6366573812006515,1.029582277698199,1.029582277698199,2.381588962107626,2.381588962107626
2025-10-01 04:00:00+00:00,2.6574193883109603,0.0,0.0,0.0,0.0,0.0,12.825,2.6574193883109603,2.6574193883109603,1.0448120177240434,1.0448120177240434,2.4007977986591276,2.4007977986591276
2025-10-01 05:00:00+00:00,2.538323251804027,0.0,0.0,0.0,0.0,0.0,12.825,2.538323251804027,2.538323251804027,0.9916338868942842,0.9916338868942842,2.273305526215074,2.273305526215074
2025-10-01 06:00:00+00:00,2.660472832226906,0.0,0.0,0.0,0.0,0.0,12.825,2.660472832226906,2.660472832226906,1.0709398383706488,1.0709398383706488,2.464816372870386,2.464816372870386
2025-10-01 07:00:00+00:00,2.53826478521144,0.0,0.0,0.0,0.0,0.0,12.825,2.53826478521144,2.53826478521144,1.0459136010551913,1.0459136010551913,2.3498277582656306,2.3498277582656306
2025-10-01 08:00:00+00:00,2.5163105234727023,0.0,0.0,0.0,0.0,0.0,12.825,2.5163105234727023,2.5163105234727023,1.03609888337495,1.03609888337495,2.3378314010692987,2.3378314010692987
2025-10-01 09:00:00+00:00,2.671045394857414,0.0,0.0,0.0,0.0,2.671045394857414,10.013373268571142,2.671045394857414,0.0,1.121363093056183,0.0,2.4778052997761577,0.0
2025-10-01 10:00:00+00:00,2.672256699235534,0.0,0.0,0.0,0.0,2.672256699235534,7.200471479902159,2.672256699235534,0.0,1.1677641173893027,0.0,2.433740798123998,0.0
2025-10-01 11:00:00+00:00,2.675307419283316,0.0,0.0,0.0,0.0,2.675307419283316,4.3843584069723525,2.675307419283316,0.0,1.1780054863991078,0.0,2.4694947759058734,0.0
2025-10-01 12:00:00+00:00,2.594381943871758,0.0,0.0,0.0,0.0,2.594381943871758,1.653430045002081,2.594381943871758,0.0,1.160186710730235,0.0,2.428011738818726,0.0
2025-10-01 13:00:00+00:00,2.554809677722744,0.0,0.0,0.0,0.0,0.28825854275197677,1.35,2.554809677722744,2.266551134970767,1.1582453409441738,1.0275608061856252,2.3992243614380335,2.1285204713621075
2025-10-01 14:00:00+00:00,2.5014183657206335,0.19072,0.0,0.0,0.0,0.0,1.35,2.3106983657206337,2.3106983657206337,1.017263033593763,1.017263033593763,2.08614978511956,2.08614978511956
2025-10-01 15:00:00+00:00,2.6291441791149897,1.33248,0.0,0.0,0.0,0.0,1.35,1.2966641791149895,1.2966641791149895,0.47034651514251774,0.47034651514251774,0.9369674938376581,0.9369674938376581
2025-10-01 16:00:00+00:00,2.6439818767017385,2.7104,0.0,0.0,5.0,0.0,6.1,0.0,0.0,0.0,0.0,0.0,0.0
2025-10-01 17:00:00+00:00,2.6671138433000547,3.9072000000000005,0.0,0.0,5.0,0.0,10.85,0.0,0.0,0.0,0.0,0.0,0.0
2025-10-01 18:00:00+00:00,3.5563755654729086,4.8032,0.0,0.0,2.078947368421052,0.0,12.825,0.0,0.0,0.0,0.0,0.0,0.0
2025-10-01 19:00:00+00:00,3.5430436334325948,5.326080000000001,0.0,0.0,0.0,0.0,12.825,0.0,0.0,0.0,0.0,0.0,0.0
2025-10-01 20:00:00+00:00,3.6278662760133176,5.402880000000001,0.0,0.0,0.0,0.0,12.825,0.0,0.0,0.0,0.0,0.0,0.0
2025-10-01 21:00:00+00:00,3.661010966629002,5.05472,0.0,0.0,0.0,0.0,12.825,0.0,0.0,0.0,0.0,0.0,0.0
2025-10-01 22:00:00+00:00,3.692734174568994,4.289280000000001,0.0,0.0,0.0,0.0,12.825,0.0,0.0,0.0,0.0,0.0,0.0
2025-10-01 23:00:00+00:00,2.5301049660842354,3.2032,0.0,0.0,0.0,0.0,12.825,0.0,0.0,0.0,0.0,0.0,0.0
2025-10-02 00:00:00+00:00,2.5964424776398674,1.8624,0.0,0.0,0.0,0.0,12.825,0.7340424776398673,0.7340424776398673,0.20866411722002942,0.20866411722002942,0.4621698409670824,0.4621698409670824
2025-10-02 01:00:00+00:00,2.6789431724392347,0.5248,0.0,0.0,0.0,0.0,12.825,2.154143172439235,2.154143172439235,0.6993718815971639,0.6993718815971639,1.59900252570854,1.59900252570854
2025-10-02 02:00:00+00:00,2.5845433813890875,0.0,0.0,0.0,0.0,0.0,12.825,2.5845433813890875,2.5845433813890875,0.9960653098200263,0.9960653098200263,2.2735278440776567,2.2735278440776567
2025-10-02 03:00:00+00:00,2.6179004124168097,0.0,0.0,0.0,0.0,0.0,12.825,2.6179004124168097,2.6179004124168097,1.0220125238891178,1.0220125238891178,2.318699240837411,2.318699240837411
2025-10-02 04:00:00+00:00,2.5048981354986726,0.0,0.0,0.0,0.0,0.0,12.825,2.5048981354986726,2.5048981354986726,0.9652328290613716,0.9652328290613716,2.193080791087961,2.193080791087961
2025-10-02 05:00:00+00:00,2.6346919774305877,0.0,0.0,0.0,0.0,0.0,12.825,2.6346919774305877,2.6346919774305877,1.0047426044608407,1.0047426044608407,2.2982842500486433,2.2982842500486433
2025-10-02 06:00:00+00:00,2.6838177239267647,0.0,0.0,0.0,0.0,0.0,12.825,2.6838177239267647,2.6838177239267647,1.0446965631934955,1.0446965631934955,2.3793632531981252,2.3793632531981252
2025-10-02 07:00:00+00:00,2.6653650659113444,0.0,0.0,0.0,0.0,0.0,12.825,2.6653650659113444,2.6653650659113444,1.0787990342814382,1.0787990342814382,2.3880316079015063,2.3880316079015063
2025-10-02 08:00:00+00:00,2.6771040533419894,0.0,0.0,0.0,0.0,0.0,12.825,2.6771040533419894,2.6771040533419894,1.10953132684087,1.10953132684087,2.4074359850803004,2.4074359850803004
2025-10-02 09:00:00+00:00,2.6320710761041046,0.0,0.0,0.0,0.0,2.6320710761041046,10.054398867258836,2.6320710761041046,0.0,1.1218686904091286,0.0,2.382885351778229,0.0
2025-10-02 10:00:00+00:00,2.5491104534486357,0.0,0.0,0.0,0.0,0.0,10.054398867258836,2.5491104534486357,2.5491104534486357,1.0694974614246235,1.0694974614246235,2.288235881924113,2.288235881924113
2025-10-02 11:00:00+00:00,2.6537033997792507,0.0,0.0,0.0,0.0,0.0,10.054398867258836,2.6537033997792507,2.6537033997792507,1.1120597008380835,1.1120597008380835,2.3802810558146534,2.3802810558146534
2025-10-02 12:00:00+00:00,2.542334948521502,0.0,0.0,0.0,0.0,2.542334948521502,7.378256816183571,2.542334948521502,0.0,1.0793491270015472,0.0,2.3217507073591275,0.0
2025-10-02 13:00:00+00:00,2.6662549669328923,0.0,0.0,0.0,0.0,2.6662549669328923,4.571672640464737,2.6662549669328923,0.0,1.1543109064158148,0.0,2.481510620855585,0.0
2025-10-02 14:00:00+00:00,2.5125435845141535,0.1824,0.0,0.0,0.0,2.3301435845141536,2.1188899199235225,2.3301435845141536,0.0,0.9917077078303002,0.0,2.1356539739743945,0.0
2025-10-02 15:00:00+00:00,2.665097562678711,1.3184,0.0,0.0,0.0,0.0,2.1188899199235225,1.346697562678711,1.346697562678711,0.49463310084054934,0.49463310084054934,1.0432179789373874,1.0432179789373874
2025-10-02 16:00:00+00:00,2.53290145329482,2.7084799999999998,0.0,0.0,5.0,0.0,6.8688899199235225,0.0,0.0,0.0,0.0,0.0,0.0
2025-10-02 17:00:00+00:00,2.5750293992993285,3.9296,0.0,0.0,5.0,0.0,11.618889919923522,0.0,0.0,0.0,0.0,0.0,0.0
2025-10-02 18:00:00+00:00,3.563347633311393,4.826880000000001,0.0,0.0,1.2695895579752396,0.0,12.825,0.0,0.0,0.0,0.0,0.0,0.0
2025-10-02 19:00:00+00:00,3.6382674070555483,5.33248,0.0,0.0,0.0,0.0,12.825,0.0,0.0,0.0,0.0,0.0,0.0
2025-10-02 20:00:00+00:00,3.5357143756348743,5.432320000000001,0.0,0.0,0.0,0.0,12.825,0.0,0.0,0.0,0.0,0.0,0.0
2025-10-02 21:00:00+00:00,3.579251232443397,5.102080000000001,0.0,0.0,0.0,0.0,12.825,0.0,0.0,0.0,0.0,0.0,0.0
2025-10-02 22:00:00+00:00,3.5011649190215963,4.33152,0.0,0.0,0.0,0.0,12.825,0.0,0.0,0.0,0.0,0.0,0.0
2025-10-02 23:00:00+00:00,2.55249894255002,3.18848,0.0,0.0,0.0,0.0,12.825,0.0,0.0,0.0,0.0,0.0,0.0
2025-10-03 00:00:00+00:00,2.584237762845791,1.83552,0.0,0.0,0.0,0.0,12.825,0.7487177628457908,0.7487177628457908,0.23512261404834653,0.23512261404834653,0.48441020262407836,0.48441020262407836
2025-10-03 01:00:00+00:00,2.521184247341465,0.50048,0.0,0.0,0.0,0.0,12.825,2.020704247341465,2.020704247341465,0.7264343445418968,0.7264343445418968,1.5302363537189778,1.5302363537189778
2025-10-03 02:00:00+00:00,2.6266319892073113,0.0,0.0,0.0,0.0,0.0,12.825,2.6266319892073113,2.6266319892073113,1.0879685512042592,1.0879685512042592,2.2615351951902034,2.2615351951902034
2025-10-03 03:00:00+00:00,2.5760848539773065,0.0,0.0,0.0,0.0,2.5760848539773065,10.113331732655466,2.5760848539773065,0.0,1.1320516800773561,0.0,2.268523626001332,0.0
2025-10-03 04:00:00+00:00,2.645058787615248,0.0,0.0,0.0,0.0,2.645058787615248,7.329059324639415,2.645058787615248,0.0,1.1766974304899127,0.0,2.2852787063752125,0.0
2025-10-03 05:00:00+00:00,2.6307732022136787,0.0,0.0,0.0,0.0,2.6307732022136787,4.559824374940805,2.6307732022136787,0.0,1.1227393669423145,0.0,2.291507036414494,0.0
2025-10-03 06:00:00+00:00,2.5862453497554814,0.0,0.0,0.0,0.0,2.5862453497554814,1.837460848882404,2.5862453497554814,0.0,1.0983231044556303,0.0,2.272079634889861,0.0
2025-10-03 07:00:00+00:00,2.67346410112844,0.0,0.0,0.0,0.0,0.46308780643828373,1.35,2.67346410112844,2.210376294690156,1.1738031598408196,0.9704812112679644,2.3490453197069576,1.942152164168397
2025-10-03 08:00:00+00:00,2.6264270235000335,0.0,0.0,0.0,0.0,0.0,1.35,2.6264270235000335,2.6264270235000335,1.1684749056522263,1.1684749056522263,2.320865174015542,2.320865174015542
2025-10-03 09:00:00+00:00,2.66205487042126,0.0,0.0,0.0,0.0,0.0,1.35,2.66205487042126,2.66205487042126,1.2041536237690762,1.2041536237690762,2.367239984871831,2.367239984871831
2025-10-03 10:00:00+00:00,2.5683589447880224,0.0,0.0,0.0,0.0,0.0,1.35,2.5683589447880224,2.5683589447880224,1.1603576288481152,1.1603576288481152,2.2638567443115583,2.2638567443115583
2025-10-03 11:00:00+00:00,2.608733857933691,0.0,0.0,0.0,0.0,0.0,1.35,2.608733857933691,2.608733857933691,1.1794699185435211,1.1794699185435211,2.317395935741424,2.317395935741424
2025-10-03 12:00:00+00:00,2.5392593770229506,0.0,0.0,0.0,0.0,0.0,1.35,2.5392593770229506,2.5392593770229506,1.1660349874512792,1.1660349874512792,2.2728738510594075,2.2728738510594075
2025-10-03 13:00:00+00:00,2.699228238023726,0.0,0.0,0.0,0.0,0.0,1.35,2.699228238023726,2.699228238023726,1.222766517517434,1.222766517517434,2.398081802630226,2.398081802630226
2025-10-03 14:00:00+00:00,2.5486430928612656,0.1696,0.0,0.0,0.0,0.0,1.35,2.3790430928612656,2.3790430928612656,1.0586935184745394,1.0586935184745394,2.0873539424129746,2.0873539424129746
2025-10-03 15:00:00+00:00,2.5513734934454204,1.2595200000000002,0.0,0.0,0.0,0.0,1.35,1.2918534934454202,1.2918534934454202,0.49011494237661607,0.49011494237661607,0.9409710881170447,0.9409710881170447
2025-10-03 16:00:00+00:00,2.514638014478193,2.6048,0.0,0.0,0.0,0.0,1.35,0.0,0.0,0.0,0.0,0.0,0.0
2025-10-03 17:00:00+00:00,2.551560623799347,3.72992,0.0,0.0,5.0,0.0,6.1,0.0,0.0,0.0,0.0,0.0,0.0
2025-10-03 18:00:00+00:00,3.6526257065088106,4.6860800000000005,0.0,0.0,5.0,0.0,10.85,0.0,0.0,0.0,0.0,0.0,0.0
2025-10-03 19:00:00+00:00,3.6395787141366163,5.2,0.0,0.0,2.078947368421052,0.0,12.825,0.0,0.0,0.0,0.0,0.0,0.0
2025-10-03 20:00:00+00:00,3.525734642463434,5.2992,0.0,0.0,0.0,0.0,12.825,0.0,0.0,0.0,0.0,0.0,0.0
2025-10-03 21:00:00+00:00,3.575247700285619,4.9504,0.0,0.0,0.0,0.0,12.825,0.0,0.0,0.0,0.0,0.0,0.0
2025-10-03 22:00:00+00:00,3.584184278923493,4.2144,0.0,0.0,0.0,0.0,12.825,0.0,0.0,0.0,0.0,0.0,0.0
2025-10-03 23:00:00+00:00,2.6329968492723923,3.1091200000000003,0.0,0.0,0.0,0.0,12.825,0.0,0.0,0.0,0.0,0.0,0.0
2025-10-04 00:00:00+00:00,2.5911857926087496,1.7984000000000002,0.0,0.0,0.0,0.0,12.825,0.7927857926087494,0.7927857926087494,0.2452449155408429,0.2452449155408429,0.4713062070815684,0.4713062070815684
2025-10-04 01:00:00+00:00,2.6173036653651063,0.47872,0.0,0.0,0.0,0.0,12.825,2.1385836653651062,2.1385836653651062,0.7521081059348859,0.7521081059348859,1.5068100045354778,1.5068100045354778
2025-10-04 02:00:00+00:00,2.6679369207217887,0.0,0.0,0.0,0.0,0.0,12.825,2.6679369207217887,2.6679369207217887,1.0806185128459025,1.0806185128459025,2.1985469168983354,2.1985469168983354
2025-10-04 03:00:00+00:00,2.645294722062474,0.0,0.0,0.0,0.0,0.0,12.825,2.645294722062474,2.645294722062474,1.1074001369449666,1.1074001369449666,2.2540292647799216,2.2540292647799216
2025-10-04 04:00:00+00:00,2.5730014527017118,0.0,0.0,0.0,0.0,2.5730014527017118,10.116577418208724,2.5730014527017118,0.0,1.1062849340231133,0.0,2.243010913605569,0.0
2025-10-04 05:00:00+00:00,2.5896792618688966,0.0,0.0,0.0,0.0,2.5896792618688966,7.390599247820411,2.5896792618688966,0.0,1.1458880684966477,0.0,2.308703231114851,0.0
2025-10-04 06:00:00+00:00,2.5735399139380015,0.0,0.0,0.0,0.0,2.5735399139380015,4.681609864727777,2.5735399139380015,0.0,1.1602518219934463,0.0,2.295417003940491,0.0
2025-10-04 07:00:00+00:00,2.5219469328013395,0.0,0.0,0.0,0.0,2.5219469328013395,2.0269288828316303,2.5219469328013395,0.0,1.1550777850809149,0.0,2.2713976378759395,0.0
2025-10-04 08:00:00+00:00,2.540648308817479,0.0,0.0,0.0,0.0,0.6430824386900487,1.35,2.540648308817479,1.8975658701274305,1.1843340814898824,0.8845584507168285,2.3517245752771183,1.756462031560299
2025-10-04 09:00:00+00:00,2.5567612977888263,0.0,0.0,0.0,0.0,0.0,1.35,2.5567612977888263,2.5567612977888263,1.2244826360038943,1.2244826360038943,2.43001884545395,2.43001884545395
2025-10-04 10:00:00+00:00,2.5628267791204604,0.0,0.0,0.0,0.0,0.0,1.35,2.5628267791204604,2.5628267791204604,1.2334016793125524,1.2334016793125524,2.437301596279755,2.437301596279755
2025-10-04 11:00:00+00:00,2.5626095717639874,0.0,0.0,0.0,0.0,0.0,1.35,2.5626095717639874,2.5626095717639874,1.249558763841986,1.249558763841986,2.4423593222902378,2.4423593222902378
2025-10-04 12:00:00+00:00,2.6153399432505906,0.0,0.0,0.0,0.0,0.0,1.35,2.6153399432505906,2.6153399432505906,1.267774112515923,1.267774112515923,2.478659642765361,2.478659642765361
2025-10-04 13:00:00+00:00,2.694337995123951,0.0,0.0,0.0,0.0,0.0,1.35,2.694337995123951,2.694337995123951,1.3044331978309691,1.3044331978309691,2.5394940685117477,2.5394940685117477
2025-10-04 14:00:00+00:00,2.6549328269847465,0.1664,0.0,0.0,0.0,0.0,1.35,2.4885328269847466,2.4885328269847466,1.1432469919869541,1.1432469919869541,2.26040503970738,2.26040503970738
2025-10-04 15:00:00+00:00,2.6582267896345613,1.2595200000000002,0.0,0.0,0.0,0.0,1.35,1.398706789634561,1.398706789634561,0.5050524039847553,0.5050524039847553,0.9683529944363064,0.9683529944363064
2025-10-04 16:00:00+00:00,2.651853700107916,2.64,0.0,0.0,5.0,0.0,6.1,0.011853700107915977,0.011853700107915977,0.0034904811202862217,0.0034904811202862217,0.006411920166775145,0.006411920166775145
2025-10-04 17:00:00+00:00,2.6193975461047514,3.8860800000000006,0.0,0.0,5.0,0.0,10.85,0.0,0.0,0.0,0.0,0.0,0.0
2025-10-04 18:00:00+00:00,3.6835384514341825,4.82432,0.0,0.0,2.078947368421052,0.0,12.825,0.0,0.0,0.0,0.0,0.0,0.0
2025-10-04 19:00:00+00:00,3.637926031089416,5.377280000000001,0.0,0.0,0.0,0.0,12.825,0.0,0.0,0.0,0.0,0.0,0.0
2025-10-04 20:00:00+00:00,3.600071286147374,5.488,0.0,0.0,0.0,0.0,12.825,0.0,0.0,0.0,0.0,0.0,0.0
2025-10-04 21:00:00+00:00,3.5154167617001075,5.1168000000000005,0.0,0.0,0.0,0.0,12.825,0.0,0.0,0.0,0.0,0.0,0.0
2025-10-04 22:00:00+00:00,3.5976898454171047,4.34432,0.0,0.0,0.0,0.0,12.825,0.0,0.0,0.0,0.0,0.0,0.0
2025-10-04 23:00:00+00:00,2.542566199068067,3.2499200000000004,0.0,0.0,0.0,0.0,12.825,0.0,0.0,0.0,0.0,0.0,0.0
2025-10-05 00:00:00+00:00,2.5265392595093576,1.9251200000000002,0.0,0.0,0.0,0.0,12.825,0.6014192595093575,0.6014192595093575,0.19527491517486445,0.19527491517486445,0.3752086701538827,0.3752086701538827
2025-10-05 01:00:00+00:00,2.6012129845058745,0.5152,0.0,0.0,0.0,0.0,12.825,2.0860129845058744,2.0860129845058744,0.767577736920081,0.767577736920081,1.536070336652404,1.536070336652404
2025-10-05 02:00:00+00:00,2.6570170585193917,0.0,0.0,0.0,0.0,2.6570170585193917,10.028139938400638,2.6570170585193917,0.0,1.1552808761924442,0.0,2.3342211477091497,0.0
2025-10-05 03:00:00+00:00,2.5590012885611038,0.0,0.0,0.0,0.0,2.5590012885611038,7.334454371494213,2.5590012885611038,0.0,1.0908081812277104,0.0,2.2798113457468636,0.0
2025-10-05 04:00:00+00:00,2.653754351981833,0.0,0.0,0.0,0.0,2.653754351981833,4.541028737829126,2.653754351981833,0.0,1.1232218736912691,0.0,2.3547849056222194,0.0
2025-10-05 05:00:00+00:00,2.605125904632451,0.0,0.0,0.0,0.0,2.605125904632451,1.7987909434791773,2.605125904632451,0.0,1.1212186539962976,0.0,2.3246005247204575,0.0
2025-10-05 06:00:00+00:00,2.5298096046741425,0.0,0.0,0.0,0.0,0.42635139630521834,1.35,2.5298096046741425,2.103458208368924,1.1130725907134353,0.9254853302480903,2.2951488587843194,1.9083450776368975
2025-10-05 07:00:00+00:00,2.6929935487959473,0.0,0.0,0.0,0.0,0.0,1.35,2.6929935487959473,2.6929935487959473,1.236028852577296,1.236028852577296,2.455753018835074,2.455753018835074
2025-10-05 08:00:00+00:00,2.5803272447777035,0.0,0.0,0.0,0.0,0.0,1.35,2.5803272447777035,2.5803272447777035,1.2082349290713048,1.2082349290713048,2.3677332788093204,2.3677332788093204
2025-10-05 09:00:00+00:00,2.559046851132539,0.0,0.0,0.0,0.0,0.0,1.35,2.559046851132539,2.559046851132539,1.2274908167700684,1.2274908167700684,2.4165170021651288,2.4165170021651288
2025-10-05 10:00:00+00:00,2.669399674126746,0.0,0.0,0.0,0.0,0.0,1.35,2.669399674126746,2.669399674126746,1.2863435855323795,1.2863435855323795,2.558005292355389,2.558005292355389
2025-10-05 11:00:00+00:00,2.524892066503096,0.0,0.0,0.0,0.0,0.0,1.35,2.524892066503096,2.524892066503096,1.2242103829288555,1.2242103829288555,2.43025051932644,2.43025051932644
2025-10-05 12:00:00+00:00,2.6467180922147406,0.0,0.0,0.0,0.0,0.0,1.35,2.6467180922147406,2.6467180922147406,1.2840970038874613,1.2840970038874613,2.549292886366346,2.549292886366346
2025-10-05 13:00:00+00:00,2.5375649485130936,0.0,0.0,0.0,0.0,0.0,1.35,2.5375649485130936,2.5375649485130936,1.242412283938017,1.242412283938017,2.4172311697566484,2.4172311697566484
2025-10-05 14:00:00+00:00,2.5784983552025165,0.1216,0.0,0.0,0.0,0.0,1.35,2.4568983552025165,2.4568983552025165,1.1742811920436775,1.1742811920436775,2.2806018320047787,2.2806018320047787
2025-10-05 15:00:00+00:00,2.5463799756924277,1.2659200000000002,0.0,0.0,0.0,0.0,1.35,1.2804599756924275,1.2804599756924275,0.5113957981971676,0.5113957981971676,0.9504228027368987,0.9504228027368987
2025-10-05 16:00:00+00:00,2.668245598538477,2.69568,0.0,0.0,0.0,0.0,1.35,0.0,0.0,0.0,0.0,0.0,0.0
2025-10-05 17:00:00+00:00,2.578014910387972,3.9475199999999995,0.0,0.0,0.0,0.0,1.35,0.0,0.0,0.0,0.0,0.0,0.0
2025-10-05 18:00:00+00:00,3.694938562576458,4.9088,0.0,0.0,5.0,0.0,6.1,0.0,0.0,0.0,0.0,0.0,0.0
2025-10-05 19:00:00+00:00,3.6250522968830214,5.4208,0.0,0.0,5.0,0.0,10.85,0.0,0.0,0.0,0.0,0.0,0.0
2025-10-05 20:00:00+00:00,3.638724566940583,5.4912,0.0,0.0,2.078947368421052,0.0,12.825,0.0,0.0,0.0,0.0,0.0,0.0
2025-10-05 21:00:00+00:00,3.6043050244264836,5.113600000000001,0.0,0.0,0.0,0.0,12.825,0.0,0.0,0.0,0.0,0.0,0.0
2025-10-05 22:00:00+00:00,3.5617936398151184,4.300800000000001,0.0,0.0,0.0,0.0,12.825,0.0,0.0,0.0,0.0,0.0,0.0
2025-10-05 23:00:00+00:00,2.5791112842104855,3.1296,0.0,0.0,0.0,0.0,12.825,0.0,0.0,0.0,0.0,0.0,0.0
2025-10-06 00:00:00+00:00,2.6881868375323803,1.6896000000000002,0.0,0.0,0.0,0.0,12.825,0.9985868375323801,0.9985868375323801,0.3001485967983726,0.3001485967983726,0.6130393761799163,0.6130393761799163
2025-10-06 01:00:00+00:00,2.540240640144933,0.0,0.0,0.0,0.0,0.0,12.825,2.540240640144933,2.540240640144933,0.840842549545877,0.840842549545877,1.8059349063716936,1.8059349063716936
2025-10-06 02:00:00+00:00,2.6976437802440425,0.0,0.0,0.0,0.0,0.0,12.825,2.6976437802440425,2.6976437802440425,1.0712513484656645,1.0712513484656645,2.3824463797109647,2.3824463797109647
2025-10-06 03:00:00+00:00,2.6516611724007637,0.0,0.0,0.0,0.0,0.0,12.825,2.6516611724007637,2.6516611724007637,1.0784736104282053,1.0784736104282053,2.412531073710742,2.412531073710742
2025-10-06 04:00:00+00:00,2.5719573852985222,0.0,0.0,0.0,0.0,0.0,12.825,2.5719573852985222,2.5719573852985222,1.0570414509849215,1.0570414509849215,2.3429049946649694,2.3429049946649694
2025-10-06 05:00:00+00:00,2.6283027179011205,0.0,0.0,0.0,0.0,0.0,12.825,2.6283027179011205,2.6283027179011205,1.0785541204907108,1.0785541204907108,2.361197823126552,2.361197823126552
2025-10-06 06:00:00+00:00,2.5761963078586176,0.0,0.0,0.0,0.0,0.0,12.825,2.5761963078586176,2.5761963078586176,1.0656946256446829,1.0656946256446829,2.3357264643609605,2.3357264643609605
2025-10-06 07:00:00+00:00,2.576298586527984,0.0,0.0,0.0,0.0,2.576298586527984,10.113106751023174,2.576298586527984,0.0,1.0933634614803105,0.0,2.326948040079559,0.0
2025-10-06 08:00:00+00:00,2.600760590038906,0.0,0.0,0.0,0.0,2.600760590038906,7.375464024666432,2.600760590038906,0.0,1.1053615625706774,0.0,2.3483453817156437,0.0
2025-10-06 09:00:00+00:00,2.5033445643270755,0.0,0.0,0.0,0.0,2.5033445643270755,4.740364483269509,2.5033445643270755,0.0,1.0682891921499325,0.0,2.274126658968348,0.0
2025-10-06 10:00:00+00:00,2.598714311988679,0.0,0.0,0.0,0.0,2.598714311988679,2.004875733807742,2.598714311988679,0.0,1.13735736168668,0.0,2.412404772379905,0.0
2025-10-06 11:00:00+00:00,2.6943196826893776,0.0,0.0,0.0,0.0,0.6221319471173546,1.35,2.6943196826893776,2.072187735572023,1.2159251442188155,0.9351619213607454,2.5256513340469926,1.942465755778198
2025-10-06 12:00:00+00:00,2.5570930457571155,0.0,0.0,0.0,0.0,0.0,1.35,2.5570930457571155,2.5570930457571155,1.1558088081387448,1.1558088081387448,2.3985096014797826,2.3985096014797826
2025-10-06 13:00:00+00:00,2.6496435918153223,0.0,0.0,0.0,0.0,0.0,1.35,2.6496435918153223,2.6496435918153223,1.2077347097887359,1.2077347097887359,2.5072860359749423,2.5072860359749423
2025-10-06 14:00:00+00:00,2.588557778014099,0.2304,0.0,0.0,0.0,0.0,1.35,2.358157778014099,2.358157778014099,1.0412690593165053,1.0412690593165053,2.1610545002721797,2.1610545002721797
2025-10-06 15:00:00+00:00,2.541856208523557,1.3504,0.0,0.0,0.0,0.0,1.35,1.1914562085235572,1.1914562085235572,0.434871280807995,0.434871280807995,0.8892642820690735,0.8892642820690735
2025-10-06 16:00:00+00:00,2.681000514163626,2.7392000000000003,0.0,0.0,5.0,0.0,6.1,0.0,0.0,0.0,0.0,0.0,0.0
2025-10-06 17:00:00+00:00,2.5033654569360424,3.9424,0.0,0.0,5.0,0.0,10.85,0.0,0.0,0.0,0.0,0.0,0.0
2025-10-06 18:00:00+00:00,3.5607017853199023,4.8512,0.0,0.0,2.078947368421052,0.0,12.825,0.0,0.0,0.0,0.0,0.0,0.0
2025-10-06 19:00:00+00:00,3.6998051764647877,5.3248,0.0,0.0,0.0,0.0,12.825,0.0,0.0,0.0,0.0,0.0,0.0
2025-10-06 20:00:00+00:00,3.552429359237998,5.4144000000000005,0.0,0.0,0.0,0.0,12.825,0.0,0.0,0.0,0.0,0.0,0.0
2025-10-06 21:00:00+00:00,3.6698089043718545,5.0624,0.0,0.0,0.0,0.0,12.825,0.0,0.0,0.0,0.0,0.0,0.0
2025-10-06 22:00:00+00:00,3.621136629731141,4.2944,0.0,0.0,0.0,0.0,12.825,0.0,0.0,0.0,0.0,0.0,0.0
2025-10-06 23:00:00+00:00,2.661207141505425,3.1744000000000003,0.0,0.0,0.0,0.0,12.825,0.0,0.0,0.0,0.0,0.0,0.0
2025-10-07 00:00:00+00:00,2.626063551088696,1.8175999999999999,0.0,0.0,0.0,0.0,12.825,0.8084635510886959,0.8084635510886959,0.22324998711073027,0.22324998711073027,0.4839792090037767,0.4839792090037767
2025-10-07 01:00:00+00:00,2.57253937141157,0.42880000000000007,0.0,0.0,0.0,0.0,12.825,2.14373937141157,2.14373937141157,0.6992882461146093,0.6992882461146093,1.5662390723692194,1.5662390723692194
2025-10-07 02:00:00+00:00,2.6521577569166963,0.0,0.0,0.0,0.0,0.0,12.825,2.6521577569166963,2.6521577569166963,1.021395504176003,1.021395504176003,2.349552077059512,2.349552077059512
2025-10-07 03:00:00+00:00,2.5052969097807947,0.0,0.0,0.0,0.0,0.0,12.825,2.5052969097807947,2.5052969097807947,0.9629391140332935,0.9629391140332935,2.2683547012059457,2.2683547012059457
2025-10-07 04:00:00+00:00,2.5893625903468904,0.0,0.0,0.0,0.0,0.0,12.825,2.5893625903468904,2.5893625903468904,0.979881902655865,0.979881902655865,2.3272505337803575,2.3272505337803575
2025-10-07 05:00:00+00:00,2.5743709139740214,0.0,0.0,0.0,0.0,0.0,12.825,2.5743709139740214,2.5743709139740214,0.9752686825644492,0.9752686825644492,2.304977730606635,2.304977730606635
2025-10-07 06:00:00+00:00,2.59541480112747,0.0,0.0,0.0,0.0,0.0,12.825,2.59541480112747,2.59541480112747,0.9976455446861984,0.9976455446861984,2.3306476536299026,2.3306476536299026
2025-10-07 07:00:00+00:00,2.525524137299214,0.0,0.0,0.0,0.0,0.0,12.825,2.525524137299214,2.525524137299214,0.9983578273256779,0.9983578273256779,2.2593428909038114,2.2593428909038114
2025-10-07 08:00:00+00:00,2.5445013731892545,0.0,0.0,0.0,0.0,0.0,12.825,2.5445013731892545,2.5445013731892545,1.0435318811162833,1.0435318811162833,2.3212037549165245,2.3212037549165245
2025-10-07 09:00:00+00:00,2.612410318019942,0.0,0.0,0.0,0.0,0.0,12.825,2.612410318019942,2.612410318019942,1.091396293934686,1.091396293934686,2.3859630835190386,2.3859630835190386
2025-10-07 10:00:00+00:00,2.5775538231311907,0.0,0.0,0.0,0.0,2.5775538231311907,10.111785449335589,2.5775538231311907,0.0,1.0942894299482313,0.0,2.3534081724405493,0.0
2025-10-07 11:00:00+00:00,2.658331241118068,0.0,0.0,0.0,0.0,2.658331241118068,7.3135420376323586,2.658331241118068,0.0,1.144869047762287,0.0,2.4564583477837827,0.0
2025-10-07 12:00:00+00:00,2.621027317855503,0.0,0.0,0.0,0.0,2.621027317855503,4.554565913573934,2.621027317855503,0.0,1.13058559418622,0.0,2.432702022324513,0.0
2025-10-07 13:00:00+00:00,2.672253336957399,0.0,0.0,0.0,0.0,2.672253336957399,1.7416676641450928,2.672253336957399,0.0,1.1552848123038135,0.0,2.4958391728380174,0.0
2025-10-07 14:00:00+00:00,2.646472167465121,0.10880000000000001,0.0,0.0,0.0,0.372084280937838,1.35,2.537672167465121,2.165587886527283,1.07839904597778,0.9202795935397977,2.3095237206404162,1.9708915348440292
2025-10-07 15:00:00+00:00,2.620364689551713,1.2096,0.0,0.0,0.0,0.0,1.35,1.410764689551713,1.410764689551713,0.5052301985454546,0.5052301985454546,1.0555427170071674,1.0555427170071674
2025-10-07 16:00:00+00:00,2.5575231204391993,2.6048,0.0,0.0,5.0,0.0,6.1,0.0,0.0,0.0,0.0,0.0,0.0
2025-10-07 17:00:00+00:00,2.656552093585234,3.8272,0.0,0.0,5.0,0.0,10.85,0.0,0.0,0.0,0.0,0.0,0.0
2025-10-07 18:00:00+00:00,3.5502535156342163,4.736,0.0,0.0,2.078947368421052,0.0,12.825,0.0,0.0,0.0,0.0,0.0,0.0
2025-10-07 19:00:00+00:00,3.5150422223628808,5.2608,0.0,0.0,0.0,0.0,12.825,0.0,0.0,0.0,0.0,0.0,0.0
2025-10-07 20:00:00+00:00,3.6925729156886455,5.3568,0.0,0.0,0.0,0.0,12.825,0.0,0.0,0.0,0.0,0.0,0.0
2025-10-07 21:00:00+00:00,3.608002241019294,5.0112000000000005,0.0,0.0,0.0,0.0,12.825,0.0,0.0,0.0,0.0,0.0,0.0
2025-10-07 22:00:00+00:00,3.654778859509962,4.2496,0.0,0.0,0.0,0.0,12.825,0.0,0.0,0.0,0.0,0.0,0.0
2025-10-07 23:00:00+00:00,2.605844561526072,3.1296,0.0,0.0,0.0,0.0,12.825,0.0,0.0,0.0,0.0,0.0,0.0
2025-10-08 00:00:00+00:00,2.622315946074364,1.7728000000000002,0.0,0.0,0.0,0.0,12.825,0.849515946074364,0.849515946074364,0.24716132327609208,0.24716132327609208,0.5416111298405717,0.5416111298405717
2025-10-08 01:00:00+00:00,2.506778450103301,0.4032,0.0,0.0,0.0,0.0,12.825,2.103578450103301,2.103578450103301,0.6865807436755499,0.6865807436755499,1.5887176136635395,1.5887176136635395
2025-10-08 02:00:00+00:00,2.537358735870762,0.0,0.0,0.0,0.0,0.0,12.825,2.537358735870762,2.537358735870762,0.9793686588389415,0.9793686588389415,2.2474706319872277,2.2474706319872277
2025-10-08 03:00:00+00:00,2.6349378790869555,0.0,0.0,0.0,0.0,0.0,12.825,2.6349378790869555,2.6349378790869555,1.0289108332718773,1.0289108332718773,2.380035803444123,2.380035803444123
2025-10-08 04:00:00+00:00,2.6141129195904997,0.0,0.0,0.0,0.0,0.0,12.825,2.6141129195904997,2.6141129195904997,1.027785304077205,1.027785304077205,2.3616733476112017,2.3616733476112017
2025-10-08 05:00:00+00:00,2.5317110067973427,0.0,0.0,0.0,0.0,0.0,12.825,2.5317110067973427,2.5317110067973427,0.9890507146318803,0.9890507146318803,2.267383643293464,2.267383643293464
2025-10-08 06:00:00+00:00,2.690405853745237,0.0,0.0,0.0,0.0,0.0,12.825,2.690405853745237,2.690405853745237,1.082988999271102,1.082988999271102,2.49254806049905,2.49254806049905
2025-10-08 07:00:00+00:00,2.5308707265094808,0.0,0.0,0.0,0.0,0.0,12.825,2.5308707265094808,2.5308707265094808,1.0428668162562067,1.0428668162562067,2.342982623555754,2.342982623555754
2025-10-08 08:00:00+00:00,2.6020606499477372,0.0,0.0,0.0,0.0,0.0,12.825,2.6020606499477372,2.6020606499477372,1.0714067714361704,1.0714067714361704,2.4174993659126587,2.4174993659126587
2025-10-08 09:00:00+00:00,2.5288005750038516,0.0,0.0,0.0,0.0,2.5288005750038516,10.163104657890681,2.5288005750038516,0.0,1.0616456163448875,0.0,2.345851358005851,0.0
2025-10-08 10:00:00+00:00,2.643474345221247,0.0,0.0,0.0,0.0,2.643474345221247,7.380500083973579,2.643474345221247,0.0,1.1551863585828621,0.0,2.4075274522090426,0.0
2025-10-08 11:00:00+00:00,2.5552626028190306,0.0,0.0,0.0,0.0,2.5552626028190306,4.69074997574302,2.5552626028190306,0.0,1.125146719070385,0.0,2.3586850629748084,0.0
2025-10-08 12:00:00+00:00,2.526826795024357,0.0,0.0,0.0,0.0,2.526826795024357,2.0309322967700125,2.526826795024357,0.0,1.1299765922396658,0.0,2.364788706139755,0.0
2025-10-08 13:00:00+00:00,2.509197436134103,0.0,0.0,0.0,0.0,0.6468856819315117,1.35,2.509197436134103,1.862311754202591,1.137566631774278,0.8442953428191954,2.3563898590664873,1.7488988585865803
2025-10-08 14:00:00+00:00,2.534967107579525,0.1024,0.0,0.0,0.0,0.0,1.35,2.432567107579525,2.432567107579525,1.0709145910115427,1.0709145910115427,2.1961755909163405,2.1961755909163405
2025-10-08 15:00:00+00:00,2.538359743344713,1.152,0.0,0.0,0.0,0.0,1.35,1.3863597433447132,1.3863597433447132,0.5028823071684739,0.5028823071684739,1.0017813672971994,1.0017813672971994
2025-10-08 16:00:00+00:00,2.6073944159143587,2.5152,0.0,0.0,5.0,0.0,6.1,0.09219441591435862,0.09219441591435862,0.02722967583149067,0.02722967583149067,0.05531044952064514,0.05531044952064514
2025-10-08 17:00:00+00:00,2.590207777234278,3.6992,0.0,0.0,5.0,0.0,10.85,0.0,0.0,0.0,0.0,0.0,0.0
2025-10-08 18:00:00+00:00,3.6914588734507077,4.5696,0.0,0.0,2.078947368421052,0.0,12.825,0.0,0.0,0.0,0.0,0.0,0.0
2025-10-08 19:00:00+00:00,3.6908302673733284,5.0624,0.0,0.0,0.0,0.0,12.825,0.0,0.0,0.0,0.0,0.0,0.0
2025-10-08 20:00:00+00:00,3.659309222093686,5.145600000000001,0.0,0.0,0.0,0.0,12.825,0.0,0.0,0.0,0.0,0.0,0.0
2025-10-08 21:00:00+00:00,3.6343175267961407,4.7936000000000005,0.0,0.0,0.0,0.0,12.825,0.0,0.0,0.0,0.0,0.0,0.0
2025-10-08 22:00:00+00:00,3.6690046183136693,4.0448,0.0,0.0,0.0,0.0,12.825,0.0,0.0,0.0,0.0,0.0,0.0
2025-10-08 23:00:00+00:00,2.687750365695977,2.9568000000000003,0.0,0.0,0.0,0.0,12.825,0.0,0.0,0.0,0.0,0.0,0.0
2025-10-09 00:00:00+00:00,2.5045235457774004,1.6448,0.0,0.0,0.0,0.0,12.825,0.8597235457774004,0.8597235457774004,0.24439110841338535,0.24439110841338535,0.5413015002961963,0.5413015002961963
2025-10-09 01:00:00+00:00,2.523621045430172,0.35840000000000005,0.0,0.0,0.0,0.0,12.825,2.165221045430172,2.165221045430172,0.7029684637449483,0.7029684637449483,1.607225538514105,1.607225538514105
2025-10-09 02:00:00+00:00,2.5720527769367285,0.0,0.0,0.0,0.0,0.0,12.825,2.5720527769367285,2.5720527769367285,0.9912515164500766,0.9912515164500766,2.2625403183056827,2.2625403183056827
2025-10-09 03:00:00+00:00,2.51871737060852,0.0,0.0,0.0,0.0,0.0,12.825,2.51871737060852,2.51871737060852,0.9832920628644335,0.9832920628644335,2.230851879396906,2.230851879396906
2025-10-09 04:00:00+00:00,2.6199048946106553,0.0,0.0,0.0,0.0,0.0,12.825,2.6199048946106553,2.6199048946106553,1.009549321570852,1.009549321570852,2.293771158763754,2.293771158763754
2025-10-09 05:00:00+00:00,2.5520728444696217,0.0,0.0,0.0,0.0,0.0,12.825,2.5520728444696217,2.5520728444696217,0.9732357097116292,0.9732357097116292,2.226214249584285,2.226214249584285
2025-10-09 06:00:00+00:00,2.552867945826465,0.0,0.0,0.0,0.0,0.0,12.825,2.552867945826465,2.552867945826465,0.9937233611340897,0.9937233611340897,2.2632685246893556,2.2632685246893556
2025-10-09 07:00:00+00:00,2.557665597729573,0.0,0.0,0.0,0.0,0.0,12.825,2.557665597729573,2.557665597729573,1.0352079766236788,1.0352079766236788,2.2915383592048917,2.2915383592048917
2025-10-09 08:00:00+00:00,2.519543131516878,0.0,0.0,0.0,0.0,0.0,12.825,2.519543131516878,2.519543131516878,1.0442298760314965,1.0442298760314965,2.2657463736620698,2.2657463736620698
2025-10-09 09:00:00+00:00,2.648188890647632,0.0,0.0,0.0,0.0,2.648188890647632,10.037432746686703,2.648188890647632,0.0,1.1287385928438944,0.0,2.397477246551564,0.0
2025-10-09 10:00:00+00:00,2.63013448591993,0.0,0.0,0.0,0.0,0.0,10.037432746686703,2.63013448591993,2.63013448591993,1.1034916718069951,1.1034916718069951,2.360967959166264,2.360967959166264
2025-10-09 11:00:00+00:00,2.6213016181282525,0.0,0.0,0.0,0.0,0.0,10.037432746686703,2.6213016181282525,2.6213016181282525,1.0984814254315605,1.0984814254315605,2.3512177674890142,2.3512177674890142
2025-10-09 12:00:00+00:00,2.506809116455555,0.0,0.0,0.0,0.0,2.506809116455555,7.398686308312434,2.506809116455555,0.0,1.0642666234751401,0.0,2.289307253841485,0.0
2025-10-09 13:00:00+00:00,2.5858928289277756,0.0,0.0,0.0,0.0,2.5858928289277756,4.676693856809512,2.5858928289277756,0.0,1.1195194504175503,0.0,2.406716761510707,0.0
2025-10-09 14:00:00+00:00,2.6370407179799686,0.08960000000000001,0.0,0.0,0.0,2.5474407179799687,1.9951773115674398,2.5474407179799687,0.0,1.0841892371144324,0.0,2.334814012739248,0.0
2025-10-09 15:00:00+00:00,2.5312693299807174,1.0944,0.0,0.0,0.0,0.0,1.9951773115674398,1.4368693299807174,1.4368693299807174,0.5277525941142629,0.5277525941142629,1.1130694522369304,1.1130694522369304
2025-10-09 16:00:00+00:00,2.57713156893151,2.4256,0.0,0.0,5.0,0.0,6.74517731156744,0.15153156893150976,0.15153156893150976,0.04646500454797629,0.04646500454797629,0.09669969799845178,0.09669969799845178
2025-10-09 17:00:00+00:00,2.5039668290939874,3.5968000000000004,0.0,0.0,5.0,0.0,11.49517731156744,0.0,0.0,0.0,0.0,0.0,0.0
2025-10-09 18:00:00+00:00,3.5163715994154483,4.4672,0.0,0.0,1.399813356244799,0.0,12.825,0.0,0.0,0.0,0.0,0.0,0.0
2025-10-09 19:00:00+00:00,3.543290715999811,5.0112000000000005,0.0,0.0,0.0,0.0,12.825,0.0,0.0,0.0,0.0,0.0,0.0
2025-10-09 20:00:00+00:00,3.5829300322282496,5.081600000000001,0.0,0.0,0.0,0.0,12.825,0.0,0.0,0.0,0.0,0.0,0.0
2025-10-09 21:00:00+00:00,3.592648007257476,4.7296000000000005,0.0,0.0,0.0,0.0,12.825,0.0,0.0,0.0,0.0,0.0,0.0
2025-10-09 22:00:00+00:00,3.6769043063236224,4.051200000000001,0.0,0.0,0.0,0.0,12.825,0.0,0.0,0.0,0.0,0.0,0.0
2025-10-09 23:00:00+00:00,2.5633316884348027,3.0464,0.0,0.0,0.0,0.0,12.825,0.0,0.0,0.0,0.0,0.0,0.0
2025-10-10 00:00:00+00:00,2.5042927752554385,1.7856000000000003,0.0,0.0,0.0,0.0,12.825,0.7186927752554382,0.7186927752554382,0.2256937559133661,0.2256937559133661,0.46498444428872593,0.46498444428872593
2025-10-10 01:00:00+00:00,2.665244669354233,0.48,0.0,0.0,0.0,0.0,12.825,2.185244669354233,2.185244669354233,0.7855859070591473,0.7855859070591473,1.654839316152229,1.654839316152229
2025-10-10 02:00:00+00:00,2.5123693870747146,0.0,0.0,0.0,0.0,0.0,12.825,2.5123693870747146,2.5123693870747146,1.0406402165879791,1.0406402165879791,2.1631548749631335,2.1631548749631335
2025-10-10 03:00:00+00:00,2.5185983985324456,0.0,0.0,0.0,0.0,2.5185983985324456,10.173843791018477,2.5185983985324456,0.0,1.1067894538088503,0.0,2.217900533306852,0.0
2025-10-10 04:00:00+00:00,2.6926363433479468,0.0,0.0,0.0,0.0,2.6926363433479468,7.339489745389059,2.6926363433479468,0.0,1.1978630801313455,0.0,2.326384777637751,0.0
2025-10-10 05:00:00+00:00,2.6506730836256716,0.0,0.0,0.0,0.0,2.6506730836256716,4.549307552098878,2.6506730836256716,0.0,1.1312320717638205,0.0,2.308840616611002,0.0
2025-10-10 06:00:00+00:00,2.567570840555851,0.0,0.0,0.0,0.0,2.567570840555851,1.8466014041453507,2.567570840555851,0.0,1.0903924396715399,0.0,2.255673622966803,0.0
2025-10-10 07:00:00+00:00,2.526435768323839,0.0,0.0,0.0,0.0,0.471771333938083,1.35,2.526435768323839,2.054664434385756,1.1092493393652343,0.9021148271549895,2.2198585403171824,1.8053355835692695
2025-10-10 08:00:00+00:00,2.577346114634372,0.0,0.0,0.0,0.0,0.0,1.35,2.577346114634372,2.577346114634372,1.1466392293349368,1.1466392293349368,2.2774944003080946,2.2774944003080946
2025-10-10 09:00:00+00:00,2.5678389785560345,0.0,0.0,0.0,0.0,0.0,1.35,2.5678389785560345,2.5678389785560345,1.1615360170222275,1.1615360170222275,2.2834582308171414,2.2834582308171414
2025-10-10 10:00:00+00:00,2.6748882402884946,0.0,0.0,0.0,0.0,0.0,1.35,2.6748882402884946,2.6748882402884946,1.208486447049572,1.208486447049572,2.3577560275775924,2.3577560275775924
2025-10-10 11:00:00+00:00,2.583750603462808,0.0,0.0,0.0,0.0,0.0,1.35,2.583750603462808,2.583750603462808,1.168174401744784,1.168174401744784,2.2952027586964205,2.2952027586964205
2025-10-10 12:00:00+00:00,2.5164090012031246,0.0,0.0,0.0,0.0,0.0,1.35,2.5164090012031246,2.5164090012031246,1.1555420311493647,1.1555420311493647,2.2524206345988453,2.2524206345988453
2025-10-10 13:00:00+00:00,2.6853610404717174,0.0,0.0,0.0,0.0,0.0,1.35,2.6853610404717174,2.6853610404717174,1.216484594181151,1.216484594181151,2.385761735125562,2.385761735125562
2025-10-10 14:00:00+00:00,2.6244626727430522,0.2048,0.0,0.0,0.0,0.0,1.35,2.419662672743052,2.419662672743052,1.0767695617681836,1.0767695617681836,2.122993246492764,2.122993246492764
2025-10-10 15:00:00+00:00,2.5233419713562006,0.96,0.0,0.0,0.0,0.0,1.35,1.5633419713562007,1.5633419713562007,0.5931146713569357,0.5931146713569357,1.1387201438475196,1.1387201438475196
2025-10-10 16:00:00+00:00,2.5226348320092846,2.048,0.0,0.0,0.0,0.0,1.35,0.4746348320092846,0.4746348320092846,0.1517998516200825,0.1517998516200825,0.2838508546241743,0.2838508546241743
2025-10-10 17:00:00+00:00,2.593186648232853,3.2704000000000004,0.0,0.0,5.0,0.0,6.1,0.0,0.0,0.0,0.0,0.0,0.0
2025-10-10 18:00:00+00:00,3.5184177931378233,4.339200000000001,0.0,0.0,5.0,0.0,10.85,0.0,0.0,0.0,0.0,0.0,0.0
2025-10-10 19:00:00+00:00,3.626350438440552,4.9408,0.0,0.0,2.078947368421052,0.0,12.825,0.0,0.0,0.0,0.0,0.0,0.0
2025-10-10 20:00:00+00:00,3.623276758218982,5.0688,0.0,0.0,0.0,0.0,12.825,0.0,0.0,0.0,0.0,0.0,0.0
2025-10-10 21:00:00+00:00,3.5064162697236307,4.7552,0.0,0.0,0.0,0.0,12.825,0.0,0.0,0.0,0.0,0.0,0.0
2025-10-10 22:00:00+00:00,3.6614845562082587,4.0768,0.0,0.0,0.0,0.0,12.825,0.0,0.0,0.0,0.0,0.0,0.0
2025-10-10 23:00:00+00:00,2.6573589521878995,3.0592,0.0,0.0,0.0,0.0,12.825,0.0,0.0,0.0,0.0,0.0,0.0
2025-10-11 00:00:00+00:00,2.683061653723062,1.7664000000000002,0.0,0.0,0.0,0.0,12.825,0.9166616537230616,0.9166616537230616,0.2835653866942932,0.2835653866942932,0.5449496335847509,0.5449496335847509
2025-10-11 01:00:00+00:00,2.6340613293476953,0.4608,0.0,0.0,0.0,0.0,12.825,2.1732613293476954,2.1732613293476954,0.7643037252125345,0.7643037252125345,1.5312433020814793,1.5312433020814793
2025-10-11 02:00:00+00:00,2.6385724464670446,0.0,0.0,0.0,0.0,0.0,12.825,2.6385724464670446,2.6385724464670446,1.0687247554436177,1.0687247554436177,2.1743487532020054,2.1743487532020054
2025-10-11 03:00:00+00:00,2.532748330890634,0.0,0.0,0.0,0.0,0.0,12.825,2.532748330890634,2.532748330890634,1.0602848238734675,1.0602848238734675,2.158129606707453,2.158129606707453
2025-10-11 04:00:00+00:00,2.5047777627957624,0.0,0.0,0.0,0.0,2.5047777627957624,10.188391828636039,2.5047777627957624,0.0,1.0769515497736926,0.0,2.183536994201129,0.0
2025-10-11 05:00:00+00:00,2.513112630483684,0.0,0.0,0.0,0.0,2.513112630483684,7.5430101123374245,2.513112630483684,0.0,1.1120086647260126,0.0,2.2404439559693063,0.0
2025-10-11 06:00:00+00:00,2.6928922680320717,0.0,0.0,0.0,0.0,2.6928922680320717,4.708386672303664,2.6928922680320717,0.0,1.214060502226796,0.0,2.4018709281886053,0.0
2025-10-11 07:00:00+00:00,2.6291442731119266,0.0,0.0,0.0,0.0,2.6291442731119266,1.9408663848174257,2.6291442731119266,0.0,1.2041752759131181,0.0,2.367945183108221,0.0
2025-10-11 08:00:00+00:00,2.6893813332986816,0.0,0.0,0.0,0.0,0.5613230655765543,1.35,2.6893813332986816,2.1280582677221274,1.253666617333123,0.9920034682142608,2.489397746181492,1.9698149123808197
2025-10-11 09:00:00+00:00,2.569876871774419,0.0,0.0,0.0,0.0,0.0,1.35,2.569876871774419,2.569876871774419,1.2307639390807488,1.2307639390807488,2.442484260970643,2.442484260970643
2025-10-11 10:00:00+00:00,2.6510443153322827,0.0,0.0,0.0,0.0,0.0,1.35,2.6510443153322827,2.6510443153322827,1.2758577899615204,1.2758577899615204,2.5211983089177945,2.5211983089177945
2025-10-11 11:00:00+00:00,2.5130797930723334,0.0,0.0,0.0,0.0,0.0,1.35,2.5130797930723334,2.5130797930723334,1.2254074574091813,1.2254074574091813,2.395153724507637,2.395153724507637
2025-10-11 12:00:00+00:00,2.5332410331185944,0.0,0.0,0.0,0.0,0.0,1.35,2.5332410331185944,2.5332410331185944,1.2279770401698509,1.2279770401698509,2.400851304394527,2.400851304394527
2025-10-11 13:00:00+00:00,2.555426666974398,0.0,0.0,0.0,0.0,0.0,1.35,2.555426666974398,2.555426666974398,1.2371808529800283,1.2371808529800283,2.4085659909938975,2.4085659909938975
2025-10-11 14:00:00+00:00,2.610063650340148,0.19840000000000002,0.0,0.0,0.0,0.0,1.35,2.4116636503401483,2.4116636503401483,1.107932828547956,1.107932828547956,2.1905825835189527,2.1905825835189527
2025-10-11 15:00:00+00:00,2.611481776018182,0.9472,0.0,0.0,0.0,0.0,1.35,1.664281776018182,1.664281776018182,0.6009476168379869,0.6009476168379869,1.1522159278386324,1.1522159278386324
2025-10-11 16:00:00+00:00,2.599797290461403,2.0352,0.0,0.0,5.0,0.0,6.1,0.564597290461403,0.564597290461403,0.16625325130371957,0.16625325130371957,0.3054027619948401,0.3054027619948401
2025-10-11 17:00:00+00:00,2.5848927169264155,3.2576,0.0,0.0,5.0,0.0,10.85,0.0,0.0,0.0,0.0,0.0,0.0
2025-10-11 18:00:00+00:00,3.61514103206782,4.3264000000000005,0.0,0.0,2.078947368421052,0.0,12.825,0.0,0.0,0.0,0.0,0.0,0.0
2025-10-11 19:00:00+00:00,3.6933324790775677,4.928000000000001,0.0,0.0,0.0,0.0,12.825,0.0,0.0,0.0,0.0,0.0,0.0
2025-10-11 20:00:00+00:00,3.591615912097224,5.049600000000001,0.0,0.0,0.0,0.0,12.825,0.0,0.0,0.0,0.0,0.0,0.0
2025-10-11 21:00:00+00:00,3.667494284359681,4.7296000000000005,0.0,0.0,0.0,0.0,12.825,0.0,0.0,0.0,0.0,0.0,0.0
2025-10-11 22:00:00+00:00,3.511174393006374,4.0448,0.0,0.0,0.0,0.0,12.825,0.0,0.0,0.0,0.0,0.0,0.0
2025-10-11 23:00:00+00:00,2.5771174514460116,3.0208,0.0,0.0,0.0,0.0,12.825,0.0,0.0,0.0,0.0,0.0,0.0
2025-10-12 00:00:00+00:00,2.61209928872848,1.7344000000000002,0.0,0.0,0.0,0.0,12.825,0.8776992887284798,0.8776992887284798,0.28498032187282496,0.28498032187282496,0.547572060109089,0.547572060109089
2025-10-12 01:00:00+00:00,2.6240641111309873,0.44800000000000006,0.0,0.0,0.0,0.0,12.825,2.1760641111309873,2.1760641111309873,0.8007133120557178,0.8007133120557178,1.6023809806504956,1.6023809806504956
2025-10-12 02:00:00+00:00,2.5500036679864024,0.0,0.0,0.0,0.0,2.5500036679864024,10.140785612645892,2.5500036679864024,0.0,1.1087510569039796,0.0,2.240208608922757,0.0
2025-10-12 03:00:00+00:00,2.579858202697319,0.0,0.0,0.0,0.0,2.579858202697319,7.425145399280293,2.579858202697319,0.0,1.0996987170303478,0.0,2.2983927468964307,0.0
2025-10-12 04:00:00+00:00,2.6894012337471382,0.0,0.0,0.0,0.0,2.6894012337471382,4.594196732178042,2.6894012337471382,0.0,1.138309689674604,0.0,2.3864158435237446,0.0
2025-10-12 05:00:00+00:00,2.62977015080239,0.0,0.0,0.0,0.0,2.62977015080239,1.826017626070263,2.62977015080239,0.0,1.1318252770659463,0.0,2.346591027166467,0.0
2025-10-12 06:00:00+00:00,2.616993249682459,0.0,0.0,0.0,0.0,0.4522167447667497,1.35,2.616993249682459,2.1647765049157095,1.1514318907326742,0.9524643230819231,2.3742455002769383,1.96397559547584
2025-10-12 07:00:00+00:00,2.513059742103968,0.0,0.0,0.0,0.0,0.0,1.35,2.513059742103968,2.513059742103968,1.1534429226092167,1.1534429226092167,2.2916705652503344,2.2916705652503344
2025-10-12 08:00:00+00:00,2.5104352515286297,0.0,0.0,0.0,0.0,0.0,1.35,2.5104352515286297,2.5104352515286297,1.175508092707097,1.175508092707097,2.303599708668915,2.303599708668915
2025-10-12 09:00:00+00:00,2.542279689566413,0.0,0.0,0.0,0.0,0.0,1.35,2.542279689566413,2.542279689566413,1.2194481594671698,1.2194481594671698,2.4006837121319036,2.4006837121319036
2025-10-12 10:00:00+00:00,2.5275645551697266,0.0,0.0,0.0,0.0,0.0,1.35,2.5275645551697266,2.5275645551697266,1.2179953732950084,1.2179953732950084,2.4220889706256337,2.4220889706256337
2025-10-12 11:00:00+00:00,2.6967499858546575,0.0,0.0,0.0,0.0,0.0,1.35,2.6967499858546575,2.6967499858546575,1.30753681578906,1.30753681578906,2.5956666190066686,2.5956666190066686
2025-10-12 12:00:00+00:00,2.500549429520533,0.0,0.0,0.0,0.0,0.0,1.35,2.500549429520533,2.500549429520533,1.213180973056687,1.213180973056687,2.408504665243703,2.408504665243703
2025-10-12 13:00:00+00:00,2.5731687058361032,0.0,0.0,0.0,0.0,0.0,1.35,2.5731687058361032,2.5731687058361032,1.259844170943855,1.259844170943855,2.451146562547703,2.451146562547703
2025-10-12 14:00:00+00:00,2.51168448992476,0.18560000000000001,0.0,0.0,0.0,0.0,1.35,2.32608448992476,2.32608448992476,1.1117583524931816,1.1117583524931816,2.1591746104950453,2.1591746104950453
2025-10-12 15:00:00+00:00,2.6280021116635353,0.9024,0.0,0.0,0.0,0.0,1.35,1.7256021116635352,1.7256021116635352,0.6891786436258469,0.6891786436258469,1.280830034917012,1.280830034917012
2025-10-12 16:00:00+00:00,2.5093066404149718,1.9648,0.0,0.0,0.0,0.0,1.35,0.5445066404149717,0.5445066404149717,0.18475651025859213,0.18475651025859213,0.32795403325466216,0.32795403325466216
2025-10-12 17:00:00+00:00,2.5136819271083444,3.1744000000000003,0.0,0.0,0.0,0.0,1.35,0.0,0.0,0.0,0.0,0.0,0.0
2025-10-12 18:00:00+00:00,3.515988501121624,4.224,0.0,0.0,0.7080114988783763,0.0,2.0226109239344576,0.0,0.0,0.0,0.0,0.0,0.0
2025-10-12 19:00:00+00:00,3.554357026260576,4.8256000000000006,0.0,0.0,1.2712429737394246,0.0,3.230291748986911,0.0,0.0,0.0,0.0,0.0,0.0
2025-10-12 20:00:00+00:00,3.61527161359933,4.9472000000000005,0.0,0.0,1.3319283864006706,0.0,4.495623716067548,0.0,0.0,0.0,0.0,0.0,0.0
2025-10-12 21:00:00+00:00,3.6610897235261706,4.6336,0.0,0.0,0.9725102764738298,0.0,5.419508478717686,0.0,0.0,0.0,0.0,0.0,0.0
2025-10-12 22:00:00+00:00,3.553438316900252,3.968,0.0,0.0,0.41456168309974784,0.0,5.813342077662447,0.0,0.0,0.0,0.0,0.0,0.0
2025-10-12 23:00:00+00:00,2.5566342113138933,2.9568000000000003,0.0,0.0,0.40016578868610697,0.0,6.193499576914248,0.0,0.0,0.0,0.0,0.0,0.0
2025-10-13 00:00:00+00:00,2.6648964287903874,1.6832000000000003,0.0,0.0,0.0,0.0,6.193499576914248,0.9816964287903871,0.9816964287903871,0.29507178996223615,0.29507178996223615,0.6026702372633626,0.6026702372633626
