timestamp_utc,total_mwh,fossil_mwh,renewable_mwh,nuclear_mwh,total_emissions_kg_co2,fossil_share,renewable_share,clean_share,ci_g_per_kwh,state,respondent
2025-09-29 01:00:00+00:00,3417.0,2429.25,987.75,0.0,1131057.8007421903,0.7109306409130817,0.28906935908691833,0.28906935908691833,331.0090139719609,Arizona,AZPS
2025-09-29 02:00:00+00:00,2902.7315652059224,2563.5713504664327,339.16021473949,0.0,1152693.0005485704,0.8831582572757019,0.11684174272429827,0.11684174272429827,397.10630303040006,Arizona,AZPS
2025-09-29 03:00:00+00:00,2839.996147046047,2583.881766373673,256.11438067237356,0.0,1155072.4995282434,0.9098187576983986,0.09018124230160125,0.09018124230160125,406.71622062926525,Arizona,AZPS
2025-09-29 04:00:00+00:00,2796.5284524800686,2547.476298203818,249.05215427625086,0.0,1149337.2751924682,0.9109423849933006,0.08905761500669943,0.08905761500669943,410.98715594085655,Arizona,AZPS
2025-09-29 05:00:00+00:00,2779.305789074032,2496.8549985768864,282.4507904971453,0.0,1140519.960084087,0.8983736184742563,0.10162638152574355,0.10162638152574355,410.36145233377454,Arizona,AZPS
2025-09-29 06:00:00+00:00,2760.344360555897,2502.685588839753,257.65877171614375,0.0,1141871.1147902433,0.9066570188133141,0.09334298118668595,0.09334298118668595,413.6698055166876,Arizona,AZPS
2025-09-29 07:00:00+00:00,2648.5403554987756,2392.197791640775,256.3425638580004,0.0,1124022.3730670349,0.9032136462161907,0.09678635378380925,0.09678635378380925,424.3931457315318,Arizona,AZPS
2025-09-29 08:00:00+00:00,2643.098190737887,2386.573932799957,256.5242579379293,0.0,1123355.6665429384,0.9029456193353473,0.09705438066465255,0.09705438066465255,425.0147309999579,Arizona,AZPS
2025-09-29 09:00:00+00:00,2629.176701178037,2388.4370184152694,240.73968276276736,0.0,1121987.3980376017,0.9084353354208178,0.09156466457918207,0.09156466457918207,426.7447667305437,Arizona,AZPS
2025-09-29 10:00:00+00:00,2560.393262513506,2376.8310726430655,183.56218987044036,0.0,1120585.7113644122,0.9283070329242157,0.07169296707578415,0.07169296707578415,437.6615607339738,Arizona,AZPS
2025-09-29 11:00:00+00:00,2457.486585399885,2303.6443346702044,153.8422507296803,0.0,1109044.2422131288,0.9373985389610389,0.06260146103896104,0.06260146103896104,451.2920838722153,Arizona,AZPS
2025-09-29 12:00:00+00:00,2451.850728617526,2299.7941055536085,152.0566230639173,0.0,1108239.167549912,0.9379829198861326,0.06201708011386742,0.06201708011386742,452.00107600954635,Arizona,AZPS
2025-09-29 13:00:00+00:00,2430.5176304879938,2299.93306795588,130.5845625321141,0.0,1107854.8504263966,0.9462729416589768,0.05372705834102327,0.05372705834102327,455.81025067650467,Arizona,AZPS
2025-09-29 14:00:00+00:00,2488.9208448015734,2280.8879213371774,208.03292346439574,0.0,1099008.8495954236,0.9164164164164164,0.08358358358358357,0.08358358358358357,441.56038625769986,Arizona,AZPS
2025-09-29 15:00:00+00:00,2931.3670699136765,2187.877333853491,743.4897360601857,0.0,1069923.7983672274,0.7463675758348204,0.2536324241651797,0.2536324241651797,364.99140941729104,Arizona,AZPS
2025-09-29 16:00:00+00:00,3459.7361682969504,2148.950851619597,1310.785316677353,0.0,1064004.7970162518,0.6211314236361019,0.378868576363898,0.378868576363898,307.53928775442046,Arizona,AZPS
2025-09-29 17:00:00+00:00,3749.0886028281934,2170.2891394061216,1578.7994634220718,0.0,1066972.655952842,0.5788844621513944,0.42111553784860556,0.42111553784860556,284.59520939247784,Arizona,AZPS
2025-09-29 18:00:00+00:00,3867.557615241724,2231.934150160089,1635.6234650816352,0.0,1077138.5683662686,0.5770913770913771,0.42290862290862297,0.42290862290862297,278.50614664959477,Arizona,AZPS
2025-09-29 19:00:00+00:00,3986.461280914802,2234.5780029893795,1751.8832779254226,0.0,1077155.4037414233,0.5605417550867557,0.43945824491324426,0.43945824491324426,270.20340292738035,Arizona,AZPS
2025-09-29 20:00:00+00:00,4071.2235546961338,2286.223235242388,1785.0003194537455,0.0,1085325.106908912,0.5615567911040508,0.4384432088959491,0.4384432088959491,266.5845027490558,Arizona,AZPS
2025-09-29 21:00:00+00:00,4011.457585015961,2223.448159917408,1788.0094250985526,0.0,1074597.8649410782,0.5542743785258198,0.44572562147418004,0.44572562147418004,267.8821456208423,Arizona,AZPS
2025-09-29 22:00:00+00:00,4023.572473726768,2249.9586559087525,1773.6138178180156,0.0,1079425.4780950833,0.5591942659416708,0.44080573405832923,0.44080573405832923,268.27539087304746,Arizona,AZPS
2025-09-29 23:00:00+00:00,4047.3624445152886,2346.794166120938,1700.5682783943507,0.0,1094728.8469172998,0.5798329648734954,0.4201670351265046,0.4201670351265046,270.4795683422922,Arizona,AZPS
2025-09-30 00:00:00+00:00,3985.164548310675,2385.681807477915,1599.4827408327608,0.0,1100467.5879901114,0.5986407282703581,0.40135927172964214,0.40135927172964214,276.14106635988304,Arizona,AZPS
2025-09-30 01:00:00+00:00,3436.847466472227,2510.997773118993,925.8496933532336,0.0,1121100.3861025746,0.7306107697867725,0.26938923021322725,0.26938923021322725,326.20021605245546,Arizona,AZPS
2025-09-30 02:00:00+00:00,2947.182854049607,2610.9154246754465,336.267429374161,0.0,1135015.181227555,0.8859020814022079,0.11409791859779221,0.11409791859779221,385.1186836500408,Arizona,AZPS
2025-09-30 03:00:00+00:00,2966.513975746539,2685.9514721816254,280.56250356491375,0.0,1140213.0934742966,0.9054235018413124,0.09457649815868766,0.09457649815868766,384.361274814947,Arizona,AZPS
2025-09-30 04:00:00+00:00,2954.807197405093,2655.702470181207,299.10472722388585,0.0,1118175.6117773608,0.8987735215053763,0.10122647849462366,0.10122647849462366,378.42591312195964,Arizona,AZPS
2025-09-30 05:00:00+00:00,2933.4284019705133,2626.4619073222157,306.9664946482975,0.0,1111293.1852429213,0.8953557228660858,0.10464427713391422,0.10464427713391422,378.8376714756074,Arizona,AZPS
2025-09-30 06:00:00+00:00,2957.2127901935983,2655.5373914624392,301.675398731159,0.0,1136716.2441795706,0.897986577181208,0.10201342281879194,0.10201342281879194,384.38770721844264,Arizona,AZPS
2025-09-30 07:00:00+00:00,2840.355533711651,2540.9921797830825,299.36335392856813,0.0,1122812.939139559,0.8946035626964721,0.10539643730352775,0.10539643730352775,395.30718102473486,Arizona,AZPS
2025-09-30 08:00:00+00:00,2774.6390709700468,2531.1452758232563,243.49379514679055,0.0,1137914.2332782517,0.9122430741733691,0.08775692582663093,0.08775692582663093,410.1125242500184,Arizona,AZPS
2025-09-30 09:00:00+00:00,2702.512017727001,2468.2546469003623,234.2573708266388,0.0,1129038.4133441797,0.9133186571271327,0.08668134287286737,0.08668134287286737,417.77368830861997,Arizona,AZPS
2025-09-30 10:00:00+00:00,2636.1229413535375,2406.8840844623073,229.23885689123085,0.0,1119154.6981016796,0.9130393908056785,0.08696060919432172,0.08696060919432172,424.54571467256415,Arizona,AZPS
2025-09-30 11:00:00+00:00,2597.0224387336,2399.805317837593,197.217120896007,0.0,1118465.0582519986,0.9240602938370539,0.07593970616294599,0.07593970616294599,430.67208106118704,Arizona,AZPS
2025-09-30 12:00:00+00:00,2592.372001622477,2406.105639572018,186.26636205045887,0.0,1118225.0638288269,0.9281482896999809,0.0718517103000191,0.0718517103000191,431.35208339272606,Arizona,AZPS
2025-09-30 13:00:00+00:00,2591.93353844938,2420.821846936194,171.11169151318637,0.0,1120560.4685972144,0.9339829941721602,0.06601700582783988,0.06601700582783988,432.3260808869304,Arizona,AZPS
2025-09-30 14:00:00+00:00,2621.4503139956423,2385.7698249103787,235.6804890852631,0.0,1114001.0730838059,0.9100953820001887,0.0899046179998111,0.0899046179998111,424.9560127599114,Arizona,AZPS
2025-09-30 15:00:00+00:00,3069.7179328718225,2296.7816187253497,772.9363141464728,0.0,1099342.9394636992,0.7482060791743933,0.2517939208256067,0.2517939208256067,358.1250667012352,Arizona,AZPS
2025-09-30 16:00:00+00:00,3557.832160556926,2195.4687224856807,1362.3634380712451,0.0,1083569.6653645847,0.6170804645663815,0.38291953543361845,0.38291953543361845,304.5589607563072,Arizona,AZPS
2025-09-30 17:00:00+00:00,3867.8309105341636,2267.366214246364,1600.4646962877998,0.0,1094931.9255131073,0.5862113072397033,0.41378869276029673,0.41378869276029673,283.0868129552987,Arizona,AZPS
2025-09-30 18:00:00+00:00,3894.752334507328,2251.4334404314377,1643.3188940758905,0.0,1093051.4441944037,0.5780684487903993,0.4219315512096007,0.4219315512096007,280.6472274270222,Arizona,AZPS
2025-09-30 19:00:00+00:00,4048.7386001267278,2384.0978456901585,1664.640754436569,0.0,1113384.019206008,0.5888495359062041,0.41115046409379574,0.41115046409379574,274.99528351155055,Arizona,AZPS
2025-09-30 20:00:00+00:00,4105.9993493274715,2349.604491614914,1756.3948577125582,0.0,1106707.1739201879,0.5722369371538648,0.4277630628461354,0.4277630628461354,269.53418151453366,Arizona,AZPS
2025-09-30 21:00:00+00:00,4145.190821546432,2362.573439332664,1782.617382213768,0.0,1109388.8125639274,0.5699552906110283,0.43004470938897166,0.43004470938897166,267.6327484846769,Arizona,AZPS
2025-09-30 22:00:00+00:00,4041.3251786879414,2297.2237200696354,1744.1014586183062,0.0,1099292.158425039,0.5684332783177456,0.4315667216822545,0.4315667216822545,272.0127952638386,Arizona,AZPS
2025-09-30 23:00:00+00:00,4038.2798133591914,2461.594697556789,1576.6851158024022,0.0,1125044.9904469403,0.60956516421014,0.39043483578985994,0.39043483578985994,278.59510545186464,Arizona,AZPS
2025-10-01 00:00:00+00:00,3870.0535744640806,2467.3628537463032,1402.6907207177774,0.0,1125967.754971583,0.6375526349368381,0.36244736506316194,0.36244736506316194,290.94371261449663,Arizona,AZPS
2025-10-01 01:00:00+00:00,3553.0693011034186,2683.4386808597515,869.6306202436672,0.0,1159675.7719982134,0.7552452410726691,0.24475475892733087,0.24475475892733087,326.3870399707858,Arizona,AZPS
2025-10-01 02:00:00+00:00,2989.4740955241227,2647.93272618242,341.54136934170265,0.0,1153875.955408594,0.8857520224533597,0.11424797754664025,0.11424797754664025,385.97957986529843,Arizona,AZPS
2025-10-01 03:00:00+00:00,2965.985298648242,2679.057923641762,286.92737500648025,0.0,1158180.778881122,0.903260688737315,0.09673931126268508,0.09673931126268508,390.487700464654,Arizona,AZPS
2025-10-01 04:00:00+00:00,2932.149516119118,2648.997796359297,283.1517197598206,0.0,1152827.086940223,0.9034320323014804,0.09656796769851951,0.09656796769851951,393.167906548661,Arizona,AZPS
2025-10-01 05:00:00+00:00,2954.552259841891,2646.0774745754743,308.47478526641675,0.0,1154239.9650545004,0.8955933900851277,0.1044066099148723,0.1044066099148723,390.66493449544464,Arizona,AZPS
2025-10-01 06:00:00+00:00,2882.7733306515183,2670.768450853305,212.0048797982132,0.0,1160424.1048396642,0.9264580126560629,0.07354198734393705,0.07354198734393705,402.5374081622309,Arizona,AZPS
2025-10-01 07:00:00+00:00,2775.2966396657635,2569.262718099244,206.03392156651967,0.0,1143584.5934203395,0.9257614776662819,0.07423852233371814,0.07423852233371814,412.05850829627514,Arizona,AZPS
2025-10-01 08:00:00+00:00,2782.446513609679,2585.090659770898,197.35585383878092,0.0,1145681.2261083347,0.929071105994864,0.07092889400513593,0.07092889400513593,411.753189326194,Arizona,AZPS
2025-10-01 09:00:00+00:00,2703.3798396971297,2507.8004690620937,195.57937063503607,0.0,1134937.7979816503,0.9276537585421413,0.07234624145785877,0.07234624145785877,419.82180280992327,Arizona,AZPS
2025-10-01 10:00:00+00:00,2546.537788869581,2319.2430998524046,227.2946890171766,0.0,1112825.5209420975,0.9107436418141379,0.0892563581858621,0.0892563581858621,436.9954868944181,Arizona,AZPS
2025-10-01 11:00:00+00:00,2563.3434065266692,2366.1442066968707,197.1991998297985,0.0,1128704.9012192849,0.9230695351517479,0.07693046484825201,0.07693046484825201,440.32527922143686,Arizona,AZPS
2025-10-01 12:00:00+00:00,2571.525536681608,2406.6210468676077,164.9044898140005,0.0,1149965.5095151677,0.9358728943338438,0.06412710566615619,0.06412710566615619,447.1919462247012,Arizona,AZPS
2025-10-01 13:00:00+00:00,2545.5006822302416,2390.4822743225513,155.01840790768992,0.0,1154025.0263148383,0.9391010149830835,0.06089898501691639,0.06089898501691639,453.35875742281814,Arizona,AZPS
2025-10-01 14:00:00+00:00,2614.935810083511,2360.8221043623194,254.11370572119165,0.0,1151200.6821318378,0.9028222013170272,0.09717779868297273,0.09717779868297273,440.2405128617948,Arizona,AZPS
2025-10-01 15:00:00+00:00,3123.3203740333647,2256.906383661747,866.4139903716175,0.0,1132940.1068230958,0.7225984251968504,0.2774015748031496,0.2774015748031496,362.7357975320508,Arizona,AZPS
2025-10-01 16:00:00+00:00,3656.022223692198,2193.367468564768,1462.65475512743,0.0,1079808.3484398935,0.5999327505043712,0.4000672494956287,0.4000672494956287,295.3505975544647,Arizona,AZPS
2025-10-01 17:00:00+00:00,3947.557318251768,2196.9655859610402,1750.5917322907278,0.0,1080182.2085930207,0.5565379825653799,0.44346201743462016,0.44346201743462016,273.6330650852702,Arizona,AZPS
2025-10-01 18:00:00+00:00,4075.7694524860626,2314.0914587038014,1761.677993782261,0.0,1099096.1058729,0.567767997105993,0.43223200289400693,0.43223200289400693,269.6659167516194,Arizona,AZPS
2025-10-01 19:00:00+00:00,4085.254598207419,2293.334035375925,1791.9205628314942,0.0,1094594.7788153,0.5613686932467377,0.4386313067532624,0.4386313067532624,267.9379589452272,Arizona,AZPS
2025-10-01 20:00:00+00:00,4106.769105957988,2364.443883921868,1742.3252220361203,0.0,1106038.4059321994,0.5757430775671312,0.42425692243286883,0.42425692243286883,269.3208158032525,Arizona,AZPS
2025-10-01 21:00:00+00:00,4112.557349437338,2369.7110860003436,1742.8462634369948,0.0,1107087.8700521067,0.5762135052838976,0.4237864947161024,0.4237864947161024,269.19694389272735,Arizona,AZPS
2025-10-01 22:00:00+00:00,4060.4100265750053,2311.6426588632385,1748.7673677117673,0.0,1097727.1260167519,0.5693126171331843,0.43068738286681585,0.43068738286681585,270.3488364062324,Arizona,AZPS
2025-10-01 23:00:00+00:00,4080.931531903742,2390.2984617681427,1690.633070135599,0.0,1111184.9688383476,0.5857237356425522,0.4142762643574478,0.4142762643574478,272.28708939401963,Arizona,AZPS
2025-10-02 00:00:00+00:00,3960.6135333911516,2493.692371516302,1466.9211618748495,0.0,1125872.073850513,0.6296227467013567,0.3703772532986434,0.3703772532986434,284.26708750008237,Arizona,AZPS
2025-10-02 01:00:00+00:00,3532.041174447198,2621.804730115701,910.2364443314966,0.0,1146725.2101236435,0.7422916666666666,0.2577083333333333,0.2577083333333333,324.6636020043334,Arizona,AZPS
2025-10-02 02:00:00+00:00,2971.033682989708,2613.509160886786,357.5245221029212,0.0,1145016.023813982,0.8796632551997358,0.12033674480026409,0.12033674480026409,385.393147970564,Arizona,AZPS
2025-10-02 03:00:00+00:00,2921.4623610266844,2587.5669397194474,333.8954213072371,0.0,1140521.2768515972,0.8857094906436184,0.11429050935638164,0.11429050935638164,390.3939657298155,Arizona,AZPS
2025-10-02 04:00:00+00:00,2963.089040336535,2594.234697432773,368.8543429037622,0.0,1141791.267530086,0.8755169561621174,0.12448304383788253,0.12448304383788253,385.3381562237516,Arizona,AZPS
2025-10-02 05:00:00+00:00,3001.2631862459216,2618.0502200210362,383.21296622488546,0.0,1144534.9271385986,0.8723161074373419,0.1276838925626582,0.1276838925626582,381.35106990407616,Arizona,AZPS
2025-10-02 06:00:00+00:00,2932.371045321335,2599.7204831672652,332.6505621540701,0.0,1141447.8434001543,0.8865591846963496,0.1134408153036505,0.1134408153036505,389.2576436468913,Arizona,AZPS
2025-10-02 07:00:00+00:00,2774.8644724928445,2486.137509906218,288.72696258662637,0.0,1123118.6119577978,0.8959491660047656,0.10405083399523431,0.10405083399523431,404.747195076099,Arizona,AZPS
2025-10-02 08:00:00+00:00,2678.4028857590797,2408.603984469636,269.79890128944294,0.0,1110069.630629727,0.89926873857404,0.10073126142595978,0.10073126142595978,414.4520738578598,Arizona,AZPS
2025-10-02 09:00:00+00:00,2577.586451054208,2333.558942583878,244.02750847033,0.0,1098645.6872360401,0.9053271294274049,0.09467287057259519,0.09467287057259519,426.2303934701025,Arizona,AZPS
2025-10-02 10:00:00+00:00,2625.3542810216213,2356.67695782638,268.67732319524094,0.0,1101486.102767445,0.8976605461832416,0.10233945381675831,0.10233945381675831,419.5571282435894,Arizona,AZPS
2025-10-02 11:00:00+00:00,2628.32894356432,2357.5210377074973,270.8079058568226,0.0,1101426.2931295761,0.8969657483246463,0.10303425167535367,0.10303425167535367,419.0595305152002,Arizona,AZPS
2025-10-02 12:00:00+00:00,2601.7091788845055,2375.973366503382,225.73581238112413,0.0,1104556.4757602012,0.9132355705959768,0.0867644294040233,0.0867644294040233,424.5503243501585,Arizona,AZPS
2025-10-02 13:00:00+00:00,2547.7190085784937,2371.187998579101,176.53100999939278,0.0,1102992.727461485,0.9307101727447218,0.06928982725527832,0.06928982725527832,432.93342937253607,Arizona,AZPS
2025-10-02 14:00:00+00:00,2594.710158592335,2378.138024771062,216.5721338212726,0.0,1104307.0826032904,0.9165332077249174,0.08346679227508241,0.08346679227508241,425.5993984323829,Arizona,AZPS
2025-10-02 15:00:00+00:00,2976.712163389153,2305.9072304195092,670.8049329696431,0.0,1093326.674445189,0.77464904359248,0.22535095640751984,0.22535095640751984,367.2933808959129,Arizona,AZPS
2025-10-02 16:00:00+00:00,3558.1119997042315,2270.6051170867295,1287.5068826175022,0.0,1091044.5355659984,0.6381488602032409,0.3618511397967592,0.3618511397967592,306.63580451000183,Arizona,AZPS
2025-10-02 17:00:00+00:00,3853.438346888337,2256.570760404471,1596.8675864838654,0.0,1092527.6964417852,0.5855992901058502,0.4144007098941496,0.4144007098941496,283.52022222543263,Arizona,AZPS
2025-10-02 18:00:00+00:00,3892.9522847672533,2245.4738261757298,1647.4784585915236,0.0,1096725.526881069,0.5768048673398983,0.42319513266010167,0.42319513266010167,281.7207729908353,Arizona,AZPS
2025-10-02 19:00:00+00:00,3880.204473833095,2199.2300789406954,1680.9743948923997,0.0,1100695.6412973609,0.5667820069204152,0.43321799307958475,0.43321799307958475,283.66949440940897,Arizona,AZPS
2025-10-02 20:00:00+00:00,3851.599876409223,2256.4879265796267,1595.1119498295955,0.0,1120384.4973430668,0.5858573057914078,0.414142694208592,0.414142694208592,290.888081133594,Arizona,AZPS
2025-10-02 21:00:00+00:00,3839.357182343943,2206.6056403862876,1632.7515419576553,0.0,1124382.3173934503,0.5747330960854093,0.4252669039145907,0.4252669039145907,292.85691952917244,Arizona,AZPS
2025-10-02 22:00:00+00:00,3850.049274004515,2176.019359692998,1674.0299143115174,0.0,1121394.5357488992,0.5651926001013685,0.43480739989863154,0.43480739989863154,291.2675802152822,Arizona,AZPS
2025-10-02 23:00:00+00:00,3917.310135415001,2415.1543563963,1502.1557790187003,0.0,1159756.9684203176,0.6165338645418326,0.38346613545816727,0.38346613545816727,296.0595225625282,Arizona,AZPS
2025-10-03 00:00:00+00:00,3761.7093108812455,2433.774727837166,1327.934583044079,0.0,1181303.516965672,0.6469863901490602,0.35301360985093966,0.35301360985093966,314.03370631233895,Arizona,AZPS
2025-10-03 01:00:00+00:00,3356.8574463176456,2542.076756341614,814.780689976032,0.0,1206775.5793281477,0.7572787337544472,0.2427212662455529,0.2427212662455529,359.4956290598333,Arizona,AZPS
2025-10-03 02:00:00+00:00,2913.4772129154558,2508.509484566748,404.9677283487067,0.0,1206781.7628532173,0.861001923559421,0.1389980764405787,0.1389980764405787,414.206693467019,Arizona,AZPS
2025-10-03 03:00:00+00:00,2719.776200215942,2395.059525349139,324.7166748668026,0.0,1195196.3508248588,0.8806090461262874,0.1193909538737125,0.1193909538737125,439.44658046862963,Arizona,AZPS
2025-10-03 04:00:00+00:00,2671.3237380634773,2307.971106356785,363.35263170669236,0.0,1188381.8209651206,0.863980308141125,0.13601969185887502,0.13601969185887502,444.86626762303774,Arizona,AZPS
2025-10-03 05:00:00+00:00,2850.78416744915,2483.1452492795183,367.63891816963155,0.0,1216633.8051329532,0.8710393714236911,0.1289606285763088,0.1289606285763088,426.77162972375544,Arizona,AZPS
2025-10-03 06:00:00+00:00,2883.3761756375134,2533.116314355867,350.25986128164624,0.0,1224508.2133599627,0.8785243964207327,0.12147560357926725,0.12147560357926725,424.6786193581642,Arizona,AZPS
2025-10-03 07:00:00+00:00,2773.3531252787834,2436.8130382154723,336.54008706331115,0.0,1217660.1363125064,0.8786522769149776,0.12134772308502237,0.12134772308502237,439.0570119663736,Arizona,AZPS
2025-10-03 08:00:00+00:00,2728.829414431682,2411.3539409687824,317.4754734628996,0.0,1214032.8530125783,0.8836587322813587,0.11634126771864134,0.11634126771864134,444.8914419465162,Arizona,AZPS
2025-10-03 09:00:00+00:00,2672.654908136632,2376.6660990364153,295.9888091002167,0.0,1208948.4437289797,0.8892528892528893,0.11074711074711076,0.11074711074711076,452.33989620150976,Arizona,AZPS
2025-10-03 10:00:00+00:00,2666.1120290411686,2350.020315611755,316.0917134294135,0.0,1204521.4468715857,0.8814409484724122,0.11855905152758778,0.11855905152758778,451.7895098747128,Arizona,AZPS
2025-10-03 11:00:00+00:00,2668.5665014684782,2370.5465952195846,298.01990624889356,0.0,1206521.6635812905,0.8883220987429404,0.11167790125705955,0.11167790125705955,452.1235138481117,Arizona,AZPS
2025-10-03 12:00:00+00:00,2619.9855426880567,2345.13129458675,274.8542481013072,0.0,1203104.6678549645,0.8950932195529172,0.10490678044708285,0.10490678044708285,459.2027888140945,Arizona,AZPS
2025-10-03 13:00:00+00:00,2661.0803111511354,2364.1899486726643,296.8903624784705,0.0,1205485.2787413239,0.8884323929517025,0.11156760704829725,0.11156760704829725,453.0059741864208,Arizona,AZPS
2025-10-03 14:00:00+00:00,2715.9978836774326,2382.9954602718026,333.0024234056305,0.0,1208641.1399053812,0.8773922375245933,0.12260776247540692,0.12260776247540692,445.00813022317004,Arizona,AZPS
2025-10-03 15:00:00+00:00,3146.052197073821,2291.547899335107,854.5042977387138,0.0,1193577.4444285368,0.7283883914788515,0.2716116085211485,0.2716116085211485,379.38895150522194,Arizona,AZPS
2025-10-03 16:00:00+00:00,3691.9187406195615,2207.916948049376,1484.0017925701852,0.0,1180766.094740574,0.5980405049973698,0.4019594950026302,0.4019594950026302,319.824507985358,Arizona,AZPS
2025-10-03 17:00:00+00:00,3989.7021102452886,2189.1303019899324,1800.5718082553558,0.0,1176358.7228140603,0.5486951761056025,0.4513048238943974,0.4513048238943974,294.84876071154525,Arizona,AZPS
2025-10-03 18:00:00+00:00,4089.581589878856,2223.9753694944884,1865.6062203843683,0.0,1182250.0891287127,0.5438148917235243,0.45618510827647585,0.45618510827647585,289.0882754496491,Arizona,AZPS
2025-10-03 19:00:00+00:00,4044.5942733649877,2207.6197962033557,1836.974477161632,0.0,1179041.2734930555,0.5458198392707209,0.45418016072927914,0.45418016072927914,291.51039481449067,Arizona,AZPS
2025-10-03 20:00:00+00:00,4105.605049158592,2255.7789821189144,1849.8260670396776,0.0,1186627.3391292666,0.5494388659184879,0.4505611340815121,0.4505611340815121,289.02617882654243,Arizona,AZPS
2025-10-03 21:00:00+00:00,4008.5120107544763,2176.1463534856766,1832.3656572687996,0.0,1174039.9918304007,0.5428813354300229,0.457118664569977,0.457118664569977,292.8867341997622,Arizona,AZPS
2025-10-03 22:00:00+00:00,3896.685118299491,2169.2686327536508,1727.4164855458403,0.0,1172327.8585618816,0.5566959009765503,0.4433040990234497,0.4433040990234497,300.8526023969533,Arizona,AZPS
2025-10-03 23:00:00+00:00,3858.3377445709066,2228.545640697019,1629.7921038738882,0.0,1178620.2650595244,0.5775921622809772,0.42240783771902285,0.42240783771902285,305.47358554029364,Arizona,AZPS
2025-10-04 00:00:00+00:00,3765.9890679778273,2238.857002846461,1527.1320651313665,0.0,1164992.7124258697,0.5944937604528496,0.4055062395471504,0.4055062395471504,309.34574992046385,Arizona,AZPS
2025-10-04 01:00:00+00:00,3212.8128624767623,2263.6937905601008,949.1190719166614,0.0,1129898.5566263096,0.7045831448816523,0.2954168551183476,0.2954168551183476,351.6851447598069,Arizona,AZPS
2025-10-04 02:00:00+00:00,2724.8173309553326,2245.419933115315,479.3973978400177,0.0,1103657.2975485062,0.8240625555358094,0.17593744446419052,0.17593744446419052,405.03900390326686,Arizona,AZPS
2025-10-04 03:00:00+00:00,2634.777588800388,2245.067720360459,389.70986843992875,0.0,1102997.3478275323,0.8520900321543408,0.14790996784565916,0.14790996784565916,418.630154027432,Arizona,AZPS
2025-10-04 04:00:00+00:00,2558.5788454245894,2230.438023103986,328.1408223206038,0.0,1100083.8053283512,0.8717487940981746,0.12825120590182543,0.12825120590182543,429.9589232106683,Arizona,AZPS
2025-10-04 05:00:00+00:00,2479.517118186454,2210.4935026704684,269.0236155159856,0.0,1097143.234375906,0.8915016099131623,0.10849839008683773,0.10849839008683773,442.48262144621475,Arizona,AZPS
2025-10-04 06:00:00+00:00,2412.5902445718366,2151.8611935795116,260.7290509923248,0.0,1087689.4552238612,0.8919298245614035,0.1080701754385965,0.1080701754385965,450.83886817128945,Arizona,AZPS
2025-10-04 07:00:00+00:00,2446.045486841171,2203.036815995444,243.00867084572735,0.0,1120314.1376211625,0.9006524317912219,0.09934756820877821,0.09934756820877821,458.0103451256496,Arizona,AZPS
2025-10-04 08:00:00+00:00,2532.422965256384,2344.1108719063723,188.31209335001176,0.0,1180499.8023897174,0.9256395570828561,0.07436044291714396,0.07436044291714396,466.1542793544375,Arizona,AZPS
2025-10-04 09:00:00+00:00,2481.485025210684,2358.474129434268,123.01089577641586,0.0,1188431.367254345,0.9504285157771718,0.049571484222828206,0.049571484222828206,478.91941929145605,Arizona,AZPS
2025-10-04 10:00:00+00:00,2461.499660853093,2340.9373983122905,120.56226254080225,0.0,1184636.3710798342,0.9510208087946603,0.04897919120533962,0.04897919120533962,481.26611184227005,Arizona,AZPS
2025-10-04 11:00:00+00:00,2419.302671924942,2305.7770872799015,113.5255846450402,0.0,1179680.62298667,0.9530750798722044,0.046924920127795526,0.046924920127795526,487.6118381864331,Arizona,AZPS
2025-10-04 12:00:00+00:00,2435.083015076294,2307.823123272922,127.25989180337237,0.0,1180395.388487802,0.9477389924633084,0.052261007536691786,0.052261007536691786,484.74544037293066,Arizona,AZPS
2025-10-04 13:00:00+00:00,2423.816248347975,2284.5192388562637,139.29700949171132,0.0,1173463.160712975,0.9425298804780876,0.057470119521912354,0.057470119521912354,484.1386641882545,Arizona,AZPS
2025-10-04 14:00:00+00:00,2445.8618601646467,2221.6457887128054,224.21607145184097,0.0,1123643.6924309807,0.9083283994474046,0.09167160055259521,0.09167160055259521,459.40603217687084,Arizona,AZPS
2025-10-04 15:00:00+00:00,2962.7777159695343,2051.190924623912,911.5867913456227,0.0,1069815.3601683937,0.6923202215164103,0.3076797784835899,0.3076797784835899,361.08525941788696,Arizona,AZPS
2025-10-04 16:00:00+00:00,3560.471164625211,1925.9350798352086,1634.5360847900017,0.0,1048428.5300206353,0.540921409214092,0.4590785907859078,0.4590785907859078,294.46342395276696,Arizona,AZPS
2025-10-04 17:00:00+00:00,3665.880633918496,1925.9076864991193,1739.9729474193769,0.0,1048631.7617664635,0.5253601736727848,0.4746398263272153,0.4746398263272153,286.05180214107804,Arizona,AZPS
2025-10-04 18:00:00+00:00,3873.7001421856526,2068.1272060539322,1805.5729361317203,0.0,1072503.4735574222,0.533889338395469,0.466110661604531,0.466110661604531,276.8679645276531,Arizona,AZPS
2025-10-04 19:00:00+00:00,3830.4941858434227,2086.139389534031,1744.3547963093913,0.0,1098399.7523631572,0.5446136420840675,0.4553863579159325,0.4553863579159325,286.75144748230565,Arizona,AZPS
2025-10-04 20:00:00+00:00,3864.1799601931707,2092.816347859671,1771.3636123334998,0.0,1099856.6105844772,0.5415939136941881,0.458406086305812,0.458406086305812,284.6287237951245,Arizona,AZPS
2025-10-04 21:00:00+00:00,3680.0692512172604,2008.6683304955166,1671.4009207217432,0.0,1085560.9797091796,0.5458235140089027,0.45417648599109706,0.45417648599109706,294.9838455757612,Arizona,AZPS
2025-10-04 22:00:00+00:00,3550.2450697706727,1959.4867300491278,1590.7583397215449,0.0,1076583.6535135554,0.5519299911810597,0.4480700088189404,0.4480700088189404,303.24206705626017,Arizona,AZPS
2025-10-04 23:00:00+00:00,3470.8119076496187,2031.6830299512649,1439.1288776983538,0.0,1063946.0034953703,0.5853624696496705,0.4146375303503295,0.4146375303503295,306.5409569301202,Arizona,AZPS
2025-10-05 00:00:00+00:00,3281.173497733746,2047.0324572465536,1234.141040487192,0.0,1065364.745662924,0.6238720563421611,0.3761279436578387,0.3761279436578387,324.6901592978104,Arizona,AZPS
2025-10-05 01:00:00+00:00,2930.1588292995834,2157.671161588376,772.4876677112076,0.0,1078193.0408467383,0.7363666228646518,0.26363337713534823,0.26363337713534823,367.9640264089255,Arizona,AZPS
2025-10-05 02:00:00+00:00,2483.3356459815764,2181.6399571556803,301.6956888258958,0.0,1079763.5535573987,0.8785119162952916,0.12148808370470837,0.12148808370470837,434.8037106077965,Arizona,AZPS
2025-10-05 03:00:00+00:00,2566.139892258246,2286.1711196845654,279.9687725736806,0.0,1093851.105570966,0.8908988658730902,0.10910113412690974,0.10910113412690974,426.2632403132,Arizona,AZPS
2025-10-05 04:00:00+00:00,2589.0257582743666,2297.3485738416734,291.67718443269314,0.0,1095825.0001821574,0.8873409491966193,0.11265905080338072,0.11265905080338072,423.2576662012605,Arizona,AZPS
2025-10-05 05:00:00+00:00,2531.607165345534,2258.9984363072817,272.60872903825236,0.0,1089576.9656770488,0.8923179185262557,0.10768208147374418,0.10768208147374418,430.3894303160319,Arizona,AZPS
2025-10-05 06:00:00+00:00,2552.0863782140655,2315.35927749452,236.72710071954558,0.0,1122873.986830758,0.9072417365100293,0.09275826348997081,0.09275826348997081,439.98275153074496,Arizona,AZPS
2025-10-05 07:00:00+00:00,2476.447183333172,2258.283407019354,218.1637763138178,0.0,1136638.5084183174,0.9119045309013292,0.08809546909867082,0.08809546909867082,458.9795074443945,Arizona,AZPS
2025-10-05 08:00:00+00:00,2419.8240328277425,2220.4539765197196,199.37005630802327,0.0,1133079.5055495163,0.9176096883065318,0.08239031169346833,0.08239031169346833,468.2487198151469,Arizona,AZPS
2025-10-05 09:00:00+00:00,2367.0729414523394,2235.235359545336,131.83758190700362,0.0,1135407.2306146985,0.9443035406310237,0.05569645936897638,0.05569645936897638,479.66719180105156,Arizona,AZPS
2025-10-05 10:00:00+00:00,2364.5258543476625,2265.85389515009,98.67195919757225,0.0,1139429.4736177325,0.9582698751142247,0.0417301248857752,0.0417301248857752,481.88497136652546,Arizona,AZPS
2025-10-05 11:00:00+00:00,2349.979238604358,2261.89401946762,88.08521913673775,0.0,1139402.7577389018,0.9625165968746807,0.03748340312531916,0.03748340312531916,484.85652086679187,Arizona,AZPS
2025-10-05 12:00:00+00:00,2346.717839870335,2260.335588095967,86.38225177436816,0.0,1138547.1524189287,0.9631901840490799,0.03680981595092025,0.03680981595092025,485.1657634655548,Arizona,AZPS
2025-10-05 13:00:00+00:00,2306.755262090783,2197.3667014092734,109.38856068150969,0.0,1129405.998195069,0.9525790349417637,0.04742096505823627,0.04742096505823627,489.60807275731736,Arizona,AZPS
2025-10-05 14:00:00+00:00,2356.267915260432,2187.1922022570116,169.0757130034203,0.0,1126184.6019992228,0.9282442748091603,0.0717557251908397,0.0717557251908397,477.9526957462936,Arizona,AZPS
2025-10-05 15:00:00+00:00,2769.2307154200453,2055.464495523467,713.7662198965778,0.0,1105987.675513662,0.7422510822510822,0.2577489177489177,0.2577489177489177,399.38444614063235,Arizona,AZPS
2025-10-05 16:00:00+00:00,3194.918388790212,1924.2857547608837,1270.6326340293278,0.0,1084067.5361167793,0.6022957461174882,0.3977042538825118,0.3977042538825118,339.3099303945828,Arizona,AZPS
2025-10-05 17:00:00+00:00,3272.4329308932865,1856.1998742457085,1416.2330566475778,0.0,1040952.4938892175,0.5672231985940246,0.43277680140597535,0.43277680140597535,318.09742655445814,Arizona,AZPS
2025-10-05 18:00:00+00:00,3377.217190618366,1864.0935631837629,1513.1236274346031,0.0,1041799.7054470722,0.5519614102291267,0.44803858977087324,0.44803858977087324,308.47874052669954,Arizona,AZPS
2025-10-05 19:00:00+00:00,3411.291334344889,1909.5854671580287,1501.7058671868606,0.0,1081730.2481059616,0.559783753422734,0.44021624657726605,0.44021624657726605,317.10286284114727,Arizona,AZPS
2025-10-05 20:00:00+00:00,3458.995463963122,1967.743646881416,1491.251817081706,0.0,1092311.4022044842,0.5688771978402326,0.4311228021597674,0.4311228021597674,315.7886194372095,Arizona,AZPS
2025-10-05 21:00:00+00:00,3443.4778474355517,1941.6092332672756,1501.8686141682758,0.0,1088380.4950207358,0.5638512339242266,0.4361487660757733,0.4361487660757733,316.0701311992703,Arizona,AZPS
2025-10-05 22:00:00+00:00,3545.472557794497,1973.4030854926373,1572.0694723018596,0.0,1111258.8866311545,0.5565980425244684,0.44340195747553157,0.44340195747553157,313.43040131226576,Arizona,AZPS
2025-10-05 23:00:00+00:00,3607.218523885565,2133.180364725323,1474.0381591602418,0.0,1137072.5905494285,0.5913643297738277,0.4086356702261723,0.4086356702261723,315.2214325304071,Arizona,AZPS
2025-10-06 00:00:00+00:00,3536.181247853841,2170.886161087761,1365.2950867660797,0.0,1062881.864326228,0.6139069264069265,0.3860930735930736,0.3860930735930736,300.5733557835324,Arizona,AZPS
2025-10-06 01:00:00+00:00,3268.3802557725403,2323.5916699840336,944.7885857885065,0.0,1081863.325748694,0.7109306409130816,0.28906935908691833,0.28906935908691833,331.0090139719609,Arizona,AZPS
2025-10-06 02:00:00+00:00,2776.4795245907985,2452.0708182992785,324.40870629152005,0.0,1102557.5194498545,0.8831582572757017,0.11684174272429827,0.11684174272429827,397.10630303039994,Arizona,AZPS
2025-10-06 03:00:00+00:00,2716.4727344089515,2471.497848541524,244.97488586742696,0.0,1104833.5239812548,0.9098187576983986,0.09018124230160125,0.09018124230160125,406.7162206292653,Arizona,AZPS
2025-10-06 04:00:00+00:00,2674.895633243194,2436.67580775472,238.21982548847382,0.0,1099347.7487452368,0.9109423849933006,0.08905761500669943,0.08905761500669943,410.98715594085655,Arizona,AZPS
2025-10-06 05:00:00+00:00,2658.42205612054,2388.256241988782,270.16581413175766,0.0,1090913.935865764,0.8983736184742563,0.10162638152574355,0.10162638152574355,410.3614523337746,Arizona,AZPS
2025-10-06 06:00:00+00:00,2640.2853401152975,2393.8332352854322,246.45210482986496,0.0,1092206.3231540564,0.906657018813314,0.09334298118668596,0.09334298118668596,413.6698055166876,Arizona,AZPS
2025-10-06 07:00:00+00:00,2533.344162870642,2288.151018466896,245.19314440374603,0.0,1075133.898501286,0.9032136462161908,0.09678635378380926,0.09678635378380926,424.39314573153194,Arizona,AZPS
2025-10-06 08:00:00+00:00,2528.1387008123593,2282.7717649706765,245.3669358416829,0.0,1074496.189856348,0.9029456193353474,0.09705438066465256,0.09705438066465256,425.014730999958,Arizona,AZPS
2025-10-06 09:00:00+00:00,2514.822715559694,2284.553817133363,230.26889842633125,0.0,1073187.4331201941,0.9084353354208179,0.0915646645791821,0.0915646645791821,426.74476673054374,Arizona,AZPS
2025-10-06 10:00:00+00:00,2449.0309587978295,2273.45266290116,175.5782958966688,0.0,1071846.7117132782,0.9283070329242155,0.07169296707578413,0.07169296707578413,437.6615607339737,Arizona,AZPS
2025-10-06 11:00:00+00:00,2350.6001271720406,2203.4491248927034,147.15100227933735,0.0,1060807.2297417647,0.937398538961039,0.06260146103896103,0.06260146103896103,451.29208387221536,Arizona,AZPS
2025-10-06 12:00:00+00:00,2345.2093975753696,2199.766358482143,145.44303909322647,0.0,1060037.1711717674,0.9379829198861325,0.06201708011386743,0.06201708011386743,452.0010760095465,Arizona,AZPS
2025-10-06 13:00:00+00:00,2324.8041658747497,2199.899276823343,124.9048890514066,0.0,1059669.5696211518,0.9462729416589767,0.05372705834102326,0.05372705834102326,455.81025067650455,Arizona,AZPS
2025-10-06 14:00:00+00:00,2380.6671780304864,2181.682483970881,198.9846940596052,0.0,1051208.3186821702,0.9164164164164164,0.08358358358358357,0.08358358358358357,441.56038625770003,Arizona,AZPS
2025-10-06 15:00:00+00:00,2803.86955040318,2092.717319291489,711.152231111691,0.0,1023388.2990238827,0.7463675758348203,0.25363242416517967,0.25363242416517967,364.9914094172911,Arizona,AZPS
2025-10-06 16:00:00+00:00,3309.257647832571,2055.483913976903,1253.7737338556683,0.0,1017726.7400102975,0.621131423636102,0.37886857636389815,0.37886857636389815,307.5392877544204,Arizona,AZPS
2025-10-06 17:00:00+00:00,3586.02492438558,2075.8941096144417,1510.1308147711386,0.0,1020565.5142421587,0.5788844621513946,0.42111553784860556,0.42111553784860556,284.59520939247784,Arizona,AZPS
2025-10-06 18:00:00+00:00,3699.3412197011357,2134.857918808223,1564.4833008929127,0.0,1030289.2682409754,0.5770913770913771,0.4229086229086229,0.4229086229086229,278.5061466495948,Arizona,AZPS
2025-10-06 19:00:00+00:00,3813.0732633724465,2137.3867793251743,1675.6864840472722,0.0,1030305.3713746467,0.5605417550867557,0.43945824491324426,0.43945824491324426,270.20340292738047,Arizona,AZPS
2025-10-06 20:00:00+00:00,3894.1488683069765,2186.7857425679367,1707.3631257390398,0.0,1038119.7396884137,0.5615567911040508,0.4384432088959492,0.4384432088959492,266.5845027490558,Arizona,AZPS
2025-10-06 21:00:00+00:00,3836.9823727641674,2126.7410200783847,1710.241352685783,0.0,1027859.0707254162,0.55427437852582,0.4457256214741802,0.4457256214741802,267.88214562084244,Arizona,AZPS
2025-10-06 22:00:00+00:00,3848.5703338596563,2152.0984627675416,1696.471871092115,0.0,1032476.7106186142,0.5591942659416709,0.44080573405832923,0.44080573405832923,268.27539087304746,Arizona,AZPS
2025-10-06 23:00:00+00:00,3871.3255784632875,2244.7221881509677,1626.6033903123198,0.0,1047114.4713752248,0.5798329648734954,0.4201670351265046,0.4201670351265046,270.4795683422922,Arizona,AZPS
2025-10-07 00:00:00+00:00,3811.8329311393923,2281.918441942219,1529.9144891971737,0.0,1052603.6103905505,0.598640728270358,0.40135927172964214,0.40135927172964214,276.14106635988304,Arizona,AZPS
2025-10-07 01:00:00+00:00,3287.3644722036,2401.78388760636,885.5805845972402,0.0,1072339.0010759807,0.7306107697867728,0.26938923021322736,0.26938923021322736,326.20021605245546,Arizona,AZPS
2025-10-07 02:00:00+00:00,2818.9974393699445,2497.355699005328,321.6417403646166,0.0,1085648.5830629887,0.8859020814022078,0.11409791859779221,0.11409791859779221,385.1186836500408,Arizona,AZPS
2025-10-07 03:00:00+00:00,2837.487769038129,2569.128112274396,268.35965676373337,0.0,1090620.4161793152,0.9054235018413124,0.09457649815868766,0.09457649815868766,384.36127481494697,Arizona,AZPS
2025-10-07 04:00:00+00:00,2826.2901678704716,2540.1947669729648,286.0954008975066,0.0,1069541.4375239997,0.8987735215053763,0.10122647849462366,0.10122647849462366,378.42591312195964,Arizona,AZPS
2025-10-07 05:00:00+00:00,2805.8412264333692,2512.225999540713,293.6152268926552,0.0,1062958.35675228,0.8953557228660854,0.10464427713391419,0.10464427713391419,378.8376714756073,Arizona,AZPS
2025-10-07 06:00:00+00:00,2828.5911312808844,2540.0368682240423,288.5542630568418,0.0,1087275.6596114798,0.897986577181208,0.10201342281879192,0.10201342281879192,384.3877072184426,Arizona,AZPS
2025-10-07 07:00:00+00:00,2716.8164898324367,2430.473710996622,286.3427788358148,0.0,1073977.067957176,0.8946035626964722,0.10539643730352777,0.10539643730352777,395.3071810247349,Arizona,AZPS
2025-10-07 08:00:00+00:00,2653.95831327292,2421.0550904280576,232.9032228448621,0.0,1088421.5431106782,0.912243074173369,0.08775692582663092,0.08775692582663092,410.1125242500184,Arizona,AZPS
2025-10-07 09:00:00+00:00,2584.9683698352183,2360.8998402540146,224.06852958120356,0.0,1079931.7700271797,0.9133186571271326,0.08668134287286737,0.08668134287286737,417.7736883086199,Arizona,AZPS
2025-10-07 10:00:00+00:00,2521.466834448036,2302.1985424611566,219.2682919868791,0.0,1070477.9392539093,0.9130393908056782,0.08696060919432169,0.08696060919432169,424.54571467256415,Arizona,AZPS
2025-10-07 11:00:00+00:00,2484.0669776280797,2295.427661257926,188.63931637015375,0.0,1069818.2947504586,0.924060293837054,0.07593970616294601,0.07593970616294601,430.67208106118716,Arizona,AZPS
2025-10-07 12:00:00+00:00,2479.6188076442622,2301.4539554229277,178.16485222133429,0.0,1069588.7386971398,0.9281482896999809,0.07185171030001909,0.07185171030001909,431.352083392726,Arizona,AZPS
2025-10-07 13:00:00+00:00,2479.199415084171,2315.530092850182,163.66932223398894,0.0,1071822.5668605096,0.93398299417216,0.06601700582783988,0.06601700582783988,432.32608088693024,Arizona,AZPS
2025-10-07 14:00:00+00:00,2507.4323815487514,2282.002631125254,225.42975042349713,0.0,1065548.4671280463,0.9100953820001888,0.08990461799981112,0.08990461799981112,424.9560127599114,Arizona,AZPS
2025-10-07 15:00:00+00:00,2936.202950713831,2196.88489741388,739.3180532999513,0.0,1051527.8775727544,0.7482060791743934,0.25179392082560675,0.25179392082560675,358.12506670123526,Arizona,AZPS
2025-10-07 16:00:00+00:00,3403.087031582327,2099.9785264086513,1303.1085051736766,0.0,1036440.6497019804,0.6170804645663817,0.3829195354336185,0.3829195354336185,304.55896075630733,Arizona,AZPS
2025-10-07 17:00:00+00:00,3699.6026282284424,2168.7488929612373,1530.8537352672054,0.0,1047308.7172262366,0.5862113072397033,0.4137886927602968,0.4137886927602968,283.0868129552987,Arizona,AZPS
2025-10-07 18:00:00+00:00,3725.3531259080364,2153.509102690124,1571.8440232179123,0.0,1045510.0259726807,0.5780684487903994,0.4219315512096006,0.4219315512096006,280.6472274270222,Arizona,AZPS
2025-10-07 19:00:00+00:00,3872.6418792620284,2280.403373334376,1592.2385059276526,0.0,1064958.2515263655,0.5888495359062041,0.4111504640937958,0.4111504640937958,274.9952835115506,Arizona,AZPS
2025-10-07 20:00:00+00:00,3927.412116932048,2247.410280734171,1680.001836197877,0.0,1058571.8104075415,0.5722369371538647,0.42776306284613536,0.42776306284613536,269.5341815145336,Arizona,AZPS
2025-10-07 21:00:00+00:00,3964.8989866994184,2259.8151542076384,1705.0838324917797,0.0,1061136.8132744757,0.5699552906110282,0.4300447093889717,0.4300447093889717,267.6327484846769,Arizona,AZPS
2025-10-07 22:00:00+00:00,3865.5508987942935,2197.3077699057485,1668.2431288885452,0.0,1051479.3052156796,0.5684332783177457,0.4315667216822544,0.4315667216822544,272.01279526383865,Arizona,AZPS
2025-10-07 23:00:00+00:00,3862.6379892502196,2354.5295602016354,1508.1084290485842,0.0,1076112.0379375436,0.6095651642101401,0.39043483578985994,0.39043483578985994,278.5951054518647,Arizona,AZPS
2025-10-08 00:00:00+00:00,3701.728619127991,2360.0468349461544,1341.6817841818374,0.0,1076994.667540432,0.6375526349368382,0.362447365063162,0.362447365063162,290.94371261449675,Arizona,AZPS
2025-10-08 01:00:00+00:00,3398.531328978037,2566.7246128470365,831.8067161310008,0.0,1109236.5807131224,0.7552452410726692,0.24475475892733087,0.24475475892733087,326.38703997078585,Arizona,AZPS
2025-10-08 02:00:00+00:00,2859.449256351921,2532.76296191647,326.6862944354515,0.0,1103689.0226128548,0.8857520224533598,0.11424797754664026,0.11424797754664026,385.9795798652985,Arizona,AZPS
2025-10-08 03:00:00+00:00,2836.9820863370023,2562.534393240185,274.447693096817,0.0,1107806.611153152,0.9032606887373149,0.09673931126268508,0.09673931126268508,390.4877004646538,Arizona,AZPS
2025-10-08 04:00:00+00:00,2804.6179647224853,2533.781707698477,270.8362570240085,0.0,1102685.773858706,0.9034320323014805,0.09656796769851951,0.09656796769851951,393.167906548661,Arizona,AZPS
2025-10-08 05:00:00+00:00,2826.0463186173183,2530.988403028079,295.05791558923926,0.0,1104037.1999437273,0.8955933900851277,0.1044066099148723,0.1044066099148723,390.6649344954447,Arizona,AZPS
2025-10-08 06:00:00+00:00,2757.3893578487173,2554.6054645915,202.78389325721707,0.0,1109952.3654025411,0.9264580126560629,0.07354198734393705,0.07354198734393705,402.537408162231,Arizona,AZPS
2025-10-08 07:00:00+00:00,2654.5872815321804,2457.5146443453496,197.0726371868309,0.0,1093845.2753704144,0.9257614776662819,0.07423852233371814,0.07423852233371814,412.0585082962751,Arizona,AZPS
2025-10-08 08:00:00+00:00,2661.426177297341,2472.654162065324,188.7720152320172,0.0,1095850.716658401,0.9290711059948641,0.07092889400513593,0.07092889400513593,411.75318932619416,Arizona,AZPS
2025-10-08 09:00:00+00:00,2585.798446567057,2398.7256477903607,187.07279877669643,0.0,1085574.565540881,0.9276537585421413,0.07234624145785877,0.07234624145785877,419.82180280992327,Arizona,AZPS
2025-10-08 10:00:00+00:00,2435.7781181504247,2218.369433975505,217.40868417491944,0.0,1064424.0447079143,0.9107436418141379,0.0892563581858621,0.0892563581858621,436.99548689441815,Arizona,AZPS
2025-10-08 11:00:00+00:00,2451.8527886030115,2263.2306138362987,188.62217476671265,0.0,1079612.7637514796,0.9230695351517479,0.07693046484825201,0.07693046484825201,440.3252792214368,Arizona,AZPS
2025-10-08 12:00:00+00:00,2459.679043402123,2301.946945481045,157.73209792107792,0.0,1099948.6585071066,0.9358728943338438,0.06412710566615619,0.06412710566615619,447.1919462247011,Arizona,AZPS
2025-10-08 13:00:00+00:00,2434.786119653747,2286.5101162335573,148.2760034201895,0.0,1103831.6097965478,0.9391010149830835,0.06089898501691638,0.06089898501691638,453.35875742281814,Arizona,AZPS
2025-10-08 14:00:00+00:00,2501.2012208924557,2258.139992182963,243.06122870949264,0.0,1101130.108256242,0.9028222013170273,0.09717779868297272,0.09717779868297272,440.2405128617948,Arizona,AZPS
2025-10-08 15:00:00+00:00,2987.473995593431,2158.7440045323556,828.7299910610755,0.0,1083663.762397846,0.7225984251968504,0.27740157480314964,0.27740157480314964,362.7357975320509,Arizona,AZPS
2025-10-08 16:00:00+00:00,3497.0063946681876,2097.9686648846605,1399.0377297835273,0.0,1032842.9283170335,0.5999327505043712,0.40006724949562883,0.40006724949562883,295.35059755446474,Arizona,AZPS
2025-10-08 17:00:00+00:00,3775.8613981575877,2101.410284977118,1674.4511131804695,0.0,1033200.5277150145,0.5565379825653798,0.4434620174346202,0.4434620174346202,273.6330650852702,Arizona,AZPS
2025-10-08 18:00:00+00:00,3898.4970458256666,2213.4418594320696,1685.0551863935975,0.0,1051291.7798160585,0.567767997105993,0.43223200289400704,0.43223200289400704,269.6659167516194,Arizona,AZPS
2025-10-08 19:00:00+00:00,3907.5696425475885,2193.5872640075613,1713.982378540027,0.0,1046986.2344605317,0.5613686932467375,0.43863130675326234,0.43863130675326234,267.93795894522714,Arizona,AZPS
2025-10-08 20:00:00+00:00,3928.148393599572,2261.6042452714,1666.5441483281718,0.0,1057932.1299604727,0.5757430775671312,0.4242569224328688,0.4242569224328688,269.3208158032525,Arizona,AZPS
2025-10-08 21:00:00+00:00,3933.6848819529555,2266.642354512387,1667.0425274405682,0.0,1058935.9484587593,0.5762135052838975,0.4237864947161024,0.4237864947161024,269.1969438927273,Arizona,AZPS
2025-10-08 22:00:00+00:00,3883.8056661394803,2211.0995682265575,1672.7060979129233,0.0,1049982.3426687408,0.5693126171331843,0.4306873828668159,0.4306873828668159,270.3488364062324,Arizona,AZPS
2025-10-08 23:00:00+00:00,3903.434604633824,2286.334298462532,1617.1003061712922,0.0,1062854.8471356395,0.5857237356425521,0.4142762643574479,0.4142762643574479,272.2870893940196,Arizona,AZPS
2025-10-09 00:00:00+00:00,3788.349743424395,2385.2311709202468,1403.1185725041478,0.0,1076903.1479949371,0.6296227467013565,0.37037725329864335,0.37037725329864335,284.26708750008237,Arizona,AZPS
2025-10-09 01:00:00+00:00,3378.417804254865,2507.7713826166846,870.6464216381812,0.0,1096849.2934049559,0.7422916666666668,0.25770833333333343,0.25770833333333343,324.66360200433354,Arizona,AZPS
2025-10-09 02:00:00+00:00,2841.810895147419,2499.836622687454,341.97427245996505,0.0,1095214.44681791,0.8796632551997359,0.1203367448002641,0.1203367448002641,385.393147970564,Arizona,AZPS
2025-10-09 03:00:00+00:00,2794.3956390875755,2475.022738153005,319.37290093457057,0.0,1090915.1953615008,0.8857094906436184,0.11429050935638163,0.11429050935638163,390.3939657298155,Arizona,AZPS
2025-10-09 04:00:00+00:00,2834.211798516809,2481.400486956197,352.8113115606118,0.0,1092129.94878807,0.8755169561621174,0.12448304383788253,0.12448304383788253,385.3381562237515,Arizona,AZPS
2025-10-09 05:00:00+00:00,2870.7255897872856,2504.180172004012,366.5454177832733,0.0,1094754.2750663913,0.8723161074373418,0.1276838925626582,0.1276838925626582,381.35106990407616,Arizona,AZPS
2025-10-09 06:00:00+00:00,2804.8298586852015,2486.6476727279296,318.1821859572721,0.0,1091801.4616222447,0.8865591846963495,0.11344081530365051,0.11344081530365051,389.2576436468913,Arizona,AZPS
2025-10-09 07:00:00+00:00,2654.1739111326597,2378.0049021109135,276.16900902174615,0.0,1074269.4457751033,0.8959491660047657,0.10405083399523431,0.10405083399523431,404.74719507609905,Arizona,AZPS
2025-10-09 08:00:00+00:00,2561.9078457182236,2303.843636761964,258.0642089562598,0.0,1061788.0196906398,0.8992687385740402,0.10073126142595977,0.10073126142595977,414.45207385785983,Arizona,AZPS
2025-10-09 09:00:00+00:00,2465.4763430413777,2232.062620316826,233.4137227245516,0.0,1050860.9517857558,0.9053271294274047,0.09467287057259517,0.09467287057259517,426.2303934701025,Arizona,AZPS
2025-10-09 10:00:00+00:00,2511.166548580328,2254.1751355557026,256.9914130246248,0.0,1053577.8256637284,0.8976605461832415,0.10233945381675831,0.10233945381675831,419.5571282435894,Arizona,AZPS
2025-10-09 11:00:00+00:00,2514.0118305007672,2254.9825028421346,259.02932765863267,0.0,1053520.617399311,0.8969657483246464,0.10303425167535368,0.10303425167535368,419.0595305152003,Arizona,AZPS
2025-10-09 12:00:00+00:00,2488.5498716793404,2272.632262019627,215.91760965971338,0.0,1056514.655183009,0.9132355705959767,0.0867644294040233,0.0867644294040233,424.55032435015846,Arizona,AZPS
2025-10-09 13:00:00+00:00,2436.907961631355,2268.055029932906,168.852931698449,0.0,1055018.9208942992,0.9307101727447217,0.06928982725527831,0.06928982725527831,432.933429372536,Arizona,AZPS
2025-10-09 14:00:00+00:00,2481.8552683042503,2274.7027701678808,207.15249813636984,0.0,1056276.1091865292,0.9165332077249176,0.08346679227508243,0.08346679227508243,425.59939843238294,Arizona,AZPS
2025-10-09 15:00:00+00:00,2847.2423944802663,2205.613597760101,641.628796720165,0.0,1045773.2852988318,0.7746490435924801,0.2253509564075199,0.2253509564075199,367.293380895913,Arizona,AZPS
2025-10-09 16:00:00+00:00,3403.354699344648,2171.8469222541307,1231.5077770905175,0.0,1043590.4062664415,0.6381488602032409,0.36185113979675915,0.36185113979675915,306.6358045100018,Arizona,AZPS
2025-10-09 17:00:00+00:00,3685.8360578889715,2158.4229789463275,1527.4130789426442,0.0,1045009.0582191941,0.5855992901058503,0.41440070989414973,0.41440070989414973,283.5202222254327,Arizona,AZPS
2025-10-09 18:00:00+00:00,3723.631367924463,2147.808697198354,1575.8226707261088,0.0,1049024.3073046012,0.5768048673398983,0.4231951326601016,0.4231951326601016,281.7207729908353,Arizona,AZPS
2025-10-09 19:00:00+00:00,3711.4380130630284,2103.5762856045812,1607.8617274584467,0.0,1052821.7446974507,0.5667820069204151,0.4332179930795847,0.4332179930795847,283.66949440940897,Arizona,AZPS
2025-10-09 20:00:00+00:00,3684.0775502463734,2158.3437479139507,1525.7338023324226,0.0,1071654.2493385198,0.5858573057914079,0.414142694208592,0.414142694208592,290.88808113359414,Arizona,AZPS
2025-10-09 21:00:00+00:00,3672.3673425904108,2110.631052769934,1561.7362898204774,0.0,1075478.187330561,0.5747330960854093,0.4252669039145908,0.4252669039145908,292.85691952917256,Arizona,AZPS
2025-10-09 22:00:00+00:00,3682.594390081288,2081.375098448757,1601.2192916325316,0.0,1072620.35691335,0.5651926001013686,0.4348073998986315,0.4348073998986315,291.26758021528224,Arizona,AZPS
2025-10-09 23:00:00+00:00,3746.9297928967053,2310.1091053815344,1436.820687515171,0.0,1109314.2455603112,0.6165338645418327,0.3834661354581673,0.3834661354581673,296.05952256252823,Arizona,AZPS
2025-10-10 00:00:00+00:00,3598.096704606377,2327.91959832051,1270.1771062858677,0.0,1129923.6438177535,0.6469863901490605,0.35301360985093977,0.35301360985093977,314.03370631233895,Arizona,AZPS
2025-10-10 01:00:00+00:00,3210.8535554543823,2431.511114745459,779.3424407089233,0.0,1154287.8187370754,0.7572787337544471,0.2427212662455529,0.2427212662455529,359.4956290598333,Arizona,AZPS
2025-10-10 02:00:00+00:00,2786.7577987521463,2399.4038252198166,387.35397353232975,0.0,1154293.7333145551,0.8610019235594213,0.13899807644057874,0.13899807644057874,414.2066934670191,Arizona,AZPS
2025-10-10 03:00:00+00:00,2601.4816602007163,2290.8882833043835,310.59337689633276,0.0,1143212.2197270584,0.8806090461262875,0.11939095387371251,0.11939095387371251,439.4465804686297,Arizona,AZPS
2025-10-10 04:00:00+00:00,2555.1366000184858,2207.587707026638,347.5488929918481,0.0,1136694.0825172425,0.863980308141125,0.13601969185887505,0.13601969185887505,444.86626762303774,Arizona,AZPS
2025-10-10 05:00:00+00:00,2726.7915382966817,2375.1427875213813,351.6487507753002,0.0,1163717.2687158212,0.871039371423691,0.12896062857630883,0.12896062857630883,426.77162972375555,Arizona,AZPS
2025-10-10 06:00:00+00:00,2757.9659825632375,2422.940400180282,335.02558238295626,0.0,1171249.1857117387,0.8785243964207329,0.1214756035792673,0.1214756035792673,424.67861935816427,Arizona,AZPS
2025-10-10 07:00:00+00:00,2652.7282987843846,2330.825759763695,321.90253902069,0.0,1164698.9604229138,0.8786522769149777,0.12134772308502238,0.12134772308502238,439.05701196637375,Arizona,AZPS
2025-10-10 08:00:00+00:00,2610.1411119402546,2306.4739860525815,303.6671258876734,0.0,1161229.442974983,0.8836587322813587,0.11634126771864137,0.11634126771864137,444.8914419465162,Arizona,AZPS
2025-10-10 09:00:00+00:00,2556.409871889769,2273.2948646925856,283.11500719718344,0.0,1156366.176099133,0.8892528892528893,0.11074711074711074,0.11074711074711074,452.33989620150976,Arizona,AZPS
2025-10-10 10:00:00+00:00,2550.1515702065617,2247.808018791283,302.3435514152786,0.0,1152131.7280098516,0.8814409484724122,0.11855905152758778,0.11855905152758778,451.7895098747128,Arizona,AZPS
2025-10-10 11:00:00+00:00,2552.499287274093,2267.4415239111822,285.05776336291115,0.0,1154044.946857164,0.8883220987429405,0.11167790125705959,0.11167790125705959,452.1235138481117,Arizona,AZPS
2025-10-10 12:00:00+00:00,2506.031319324305,2243.131641914437,262.89967740986816,0.0,1150776.5706891853,0.8950932195529172,0.10490678044708282,0.10490678044708282,459.2027888140944,Arizona,AZPS
2025-10-10 13:00:00+00:00,2545.338702953298,2261.3613547373816,283.9773482159162,0.0,1153053.6387657595,0.8884323929517027,0.11156760704829728,0.11156760704829728,453.0059741864209,Arizona,AZPS
2025-10-10 14:00:00+00:00,2597.8676785868674,2279.3489353081522,318.51874327871536,0.0,1156072.2382151491,0.8773922375245932,0.1226077624754069,0.1226077624754069,445.00813022317,Arizona,AZPS
2025-10-10 15:00:00+00:00,3009.2171157582375,2191.8788145577714,817.3383012004659,0.0,1141663.726399086,0.7283883914788515,0.27161160852114846,0.27161160852114846,379.388951505222,Arizona,AZPS
2025-10-10 16:00:00+00:00,3531.341620648989,2111.8853261311515,1419.4562945178375,0.0,1129409.59635228,0.5980405049973697,0.40195949500263023,0.40195949500263023,319.824507985358,Arizona,AZPS
2025-10-10 17:00:00+00:00,3816.173135364278,2093.915790558172,1722.2573448061062,0.0,1125193.9196228494,0.5486951761056025,0.45130482389439747,0.45130482389439747,294.84876071154525,Arizona,AZPS
2025-10-10 18:00:00+00:00,3911.7084350983105,2127.245299086984,1784.4631360113267,0.0,1130829.0455644159,0.5438148917235242,0.45618510827647585,0.45618510827647585,289.088275449649,Arizona,AZPS
2025-10-10 19:00:00+00:00,3868.6778067535292,2111.601098672417,1757.076708081113,0.0,1127759.794856779,0.545819839270721,0.4541801607292792,0.4541801607292792,291.51039481449067,Arizona,AZPS
2025-10-10 20:00:00+00:00,3927.034966540823,2157.665638438437,1769.3693281023866,0.0,1135015.910497513,0.5494388659184879,0.4505611340815122,0.4505611340815122,289.02617882654243,Arizona,AZPS
2025-10-10 21:00:00+00:00,3834.1649139528868,2081.4965687456825,1752.6683452072048,0.0,1122976.0400309733,0.542881335430023,0.45711866456997713,0.45711866456997713,292.8867341997622,Arizona,AZPS
2025-10-10 22:00:00+00:00,3727.201844779848,2074.917989101178,1652.28385567867,0.0,1121338.3746607425,0.5566959009765503,0.44330409902344964,0.44330409902344964,300.8526023969533,Arizona,AZPS
2025-10-10 23:00:00+00:00,3690.522360098773,2131.6167899157454,1558.9055701830277,0.0,1127357.097855999,0.5775921622809772,0.42240783771902285,0.42240783771902285,305.4735855402937,Arizona,AZPS
2025-10-11 00:00:00+00:00,3602.1903170131577,2141.479667427995,1460.7106495851633,0.0,1114322.2649726688,0.5944937604528497,0.4055062395471504,0.4055062395471504,309.34574992046396,Arizona,AZPS
2025-10-11 01:00:00+00:00,3073.0740782005005,2165.236198472793,907.8378797277068,0.0,1080754.502049553,0.7045831448816522,0.2954168551183476,0.2954168551183476,351.68514475980686,Arizona,AZPS
2025-10-11 02:00:00+00:00,2606.303530898813,2147.757148174479,458.54638272433345,0.0,1055654.5860248222,0.8240625555358093,0.1759374444641905,0.1759374444641905,405.0390039032668,Arizona,AZPS
2025-10-11 03:00:00+00:00,2520.1799969526396,2147.420254638101,372.75974231453824,0.0,1055023.3403011367,0.8520900321543408,0.14790996784565913,0.14790996784565913,418.63015402743207,Arizona,AZPS
2025-10-11 04:00:00+00:00,2447.2954583620226,2133.4268646290325,313.86859373298995,0.0,1052236.5200556938,0.8717487940981745,0.1282512059018254,0.1282512059018254,429.9589232106682,Arizona,AZPS
2025-10-11 05:00:00+00:00,2371.6724591544144,2114.349815522869,257.3226436315454,0.0,1049423.8469384357,0.8915016099131623,0.10849839008683775,0.10849839008683775,442.48262144621464,Arizona,AZPS
2025-10-11 06:00:00+00:00,2307.656517596732,2058.2676728880324,249.38884470869945,0.0,1040381.25252141,0.8919298245614034,0.10807017543859648,0.10807017543859648,450.8388681712895,Arizona,AZPS
2025-10-11 07:00:00+00:00,2339.656650252624,2107.21745160653,232.43919864609404,0.0,1071586.9498577253,0.900652431791222,0.09934756820877819,0.09934756820877819,458.01034512564945,Arizona,AZPS
2025-10-11 08:00:00+00:00,2422.27720775795,2242.155601720966,180.12160603698385,0.0,1129154.886179086,0.9256395570828561,0.07436044291714394,0.07436044291714394,466.15427935443745,Arizona,AZPS
2025-10-11 09:00:00+00:00,2373.5547736007675,2255.8941405891987,117.66063301156903,0.0,1136741.4738293432,0.9504285157771719,0.04957148422282821,0.04957148422282821,478.91941929145617,Arizona,AZPS
2025-10-11 10:00:00+00:00,2354.4386570450843,2239.12015588043,115.31850116465421,0.0,1133111.5380472234,0.9510208087946603,0.04897919120533962,0.04897919120533962,481.26611184227,Arizona,AZPS
2025-10-11 11:00:00+00:00,2314.076993168637,2205.489115094629,108.5878780740075,0.0,1128371.3363438928,0.9530750798722044,0.04692492012779552,0.04692492012779552,487.61183818643303,Arizona,AZPS
2025-10-11 12:00:00+00:00,2329.1709826287465,2207.446160351342,121.72482227740474,0.0,1129055.0136782234,0.9477389924633083,0.052261007536691786,0.052261007536691786,484.74544037293066,Arizona,AZPS
2025-10-11 13:00:00+00:00,2318.3942551130212,2185.155860172761,133.2383949402603,0.0,1122424.2977321413,0.9425298804780877,0.057470119521912354,0.057470119521912354,484.1386641882544,Arizona,AZPS
2025-10-11 14:00:00+00:00,2339.4810102748693,2125.0170416005694,214.46396867429974,0.0,1074771.688283515,0.9083283994474047,0.09167160055259523,0.09167160055259523,459.40603217687084,Arizona,AZPS
2025-10-11 15:00:00+00:00,2833.9140149598156,1961.9759785954388,871.9380363643768,0.0,1023284.5772597506,0.6923202215164102,0.30767977848358985,0.30767977848358985,361.085259417887,Arizona,AZPS
2025-10-11 16:00:00+00:00,3405.611254231343,1842.1680388741897,1563.4432153571531,0.0,1002827.9505730383,0.540921409214092,0.45907859078590785,0.45907859078590785,294.4634239527669,Arizona,AZPS
2025-10-11 17:00:00+00:00,3506.4360210471573,1842.1418369898427,1664.2941840573146,0.0,1003022.3429129303,0.5253601736727846,0.4746398263272153,0.4746398263272153,286.051802141078,Arizona,AZPS
2025-10-11 18:00:00+00:00,3705.2165822367183,1978.1756297022823,1727.0409525344362,0.0,1025855.7732579879,0.533889338395469,0.4661106616045311,0.4661106616045311,276.8679645276531,Arizona,AZPS
2025-10-11 19:00:00+00:00,3663.8898351952453,1995.4043873404762,1668.485447854769,0.0,1050625.7136579428,0.5446136420840675,0.45538635791593257,0.45538635791593257,286.75144748230565,Arizona,AZPS
2025-10-11 20:00:00+00:00,3696.1104731189,2001.790936582542,1694.3195365363576,0.0,1052019.206969626,0.5415939136941881,0.4584060863058119,0.4584060863058119,284.6287237951244,Arizona,AZPS
2025-10-11 21:00:00+00:00,3520.007515526523,1921.3028714624347,1598.7046440640886,0.0,1038345.3533855951,0.5458235140089029,0.45417648599109717,0.45417648599109717,294.98384557576134,Arizona,AZPS
2025-10-11 22:00:00+00:00,3395.829935379653,1874.26038628647,1521.5695490931828,0.0,1029758.4889760523,0.5519299911810597,0.4480700088189404,0.4480700088189404,303.24206705626017,Arizona,AZPS
2025-10-11 23:00:00+00:00,3319.85165655904,1943.3165645539495,1376.5350920050905,0.0,1017670.5036676528,0.5853624696496705,0.41463753035032946,0.41463753035032946,306.54095693012016,Arizona,AZPS
2025-10-12 00:00:00+00:00,3138.46142105856,1957.9983805063455,1180.4630405522146,0.0,1019027.5387535364,0.6238720563421613,0.37612794365783875,0.37612794365783875,324.6901592978104,Arizona,AZPS
2025-10-12 01:00:00+00:00,2802.7138612702192,2063.8249408794995,738.8889203907199,0.0,1031297.8772650968,0.7363666228646518,0.2636333771353483,0.2636333771353483,367.96402640892563,Arizona,AZPS
2025-10-12 02:00:00+00:00,2375.3249030677002,2086.7512324179334,288.5736706497671,0.0,1032800.0817529408,0.8785119162952917,0.12148808370470839,0.12148808370470839,434.8037106077966,Arizona,AZPS
2025-10-12 03:00:00+00:00,2454.5276433734634,2186.7358937355675,267.7917496378959,0.0,1046274.9067026952,0.8908988658730903,0.10910113412690975,0.10910113412690975,426.2632403132001,Arizona,AZPS
2025-10-12 04:00:00+00:00,2476.41810653511,2197.427193260559,278.99091327455073,0.0,1048162.9483105951,0.8873409491966192,0.11265905080338068,0.11265905080338068,423.25766620126046,Arizona,AZPS
2025-10-12 05:00:00+00:00,2421.496890426582,2160.745064983249,260.7518254433335,0.0,1042186.6671827395,0.892317918526256,0.10768208147374421,0.10768208147374421,430.38943031603196,Arizona,AZPS
2025-10-12 06:00:00+00:00,2441.0853759382217,2214.65453543543,226.43084050279202,0.0,1074035.4604267618,0.9072417365100293,0.09275826348997081,0.09275826348997081,439.98275153074496,Arizona,AZPS
2025-10-12 07:00:00+00:00,2368.736048718074,2160.0611353353233,208.6749133827507,0.0,1087201.304906403,0.9119045309013292,0.08809546909867082,0.08809546909867082,458.9795074443946,Arizona,AZPS
2025-10-12 08:00:00+00:00,2314.575677886473,2123.8770663472856,190.69861153918725,0.0,1083797.0980856167,0.9176096883065317,0.08239031169346833,0.08239031169346833,468.2487198151469,Arizona,AZPS
2025-10-12 09:00:00+00:00,2264.1189539994907,2138.015544671529,126.10340932796188,0.0,1086023.5805684694,0.9443035406310237,0.05569645936897636,0.05569645936897636,479.6671918010513,Arizona,AZPS
2025-10-12 10:00:00+00:00,2261.682650457594,2167.3023510020066,94.38029945558645,0.0,1089870.879255925,0.9582698751142245,0.041730124885775204,0.041730124885775204,481.8849713665255,Arizona,AZPS
2025-10-12 11:00:00+00:00,2247.768728396216,2163.5147070172543,84.25402137896143,0.0,1089845.3253633624,0.9625165968746807,0.03748340312531918,0.03748340312531918,484.85652086679204,Arizona,AZPS
2025-10-12 12:00:00+00:00,2244.649181650977,2162.0240584000207,82.62512325095621,0.0,1089026.9339280294,0.9631901840490797,0.03680981595092025,0.03680981595092025,485.1657634655549,Arizona,AZPS
2025-10-12 13:00:00+00:00,2206.424744956666,2101.7939542224485,104.63079073421794,0.0,1080283.3670622888,0.9525790349417639,0.04742096505823627,0.04742096505823627,489.60807275731736,Arizona,AZPS
2025-10-12 14:00:00+00:00,2253.783883976447,2092.0619869582906,161.7218970181573,0.0,1077202.082976095,0.9282442748091606,0.07175572519083971,0.07175572519083971,477.9526957462936,Arizona,AZPS
2025-10-12 15:00:00+00:00,2648.7851899203224,1966.063673868998,682.7215160513247,0.0,1057883.606021838,0.7422510822510824,0.2577489177489177,0.2577489177489177,399.3844461406325,Arizona,AZPS
2025-10-12 16:00:00+00:00,3055.9579106603874,1840.5904499048384,1215.367460755549,0.0,1036916.8659549506,0.6022957461174882,0.3977042538825118,0.3977042538825118,339.30993039458275,Arizona,AZPS
2025-10-12 17:00:00+00:00,3130.101018341083,1775.465911545843,1354.6351067952403,0.0,995677.0787897876,0.5672231985940247,0.4327768014059754,0.4327768014059754,318.0974265544582,Arizona,AZPS
2025-10-12 18:00:00+00:00,3230.3277685901894,1783.016270653349,1447.31149793684,0.0,996487.4415431253,0.5519614102291267,0.44803858977087313,0.44803858977087313,308.4787405266995,Arizona,AZPS
2025-10-12 19:00:00+00:00,3262.9198840681306,1826.5295398213298,1436.3903442468004,0.0,1034681.2364593084,0.5597837534227339,0.440216246577266,0.440216246577266,317.10286284114727,Arizona,AZPS
2025-10-12 20:00:00+00:00,3308.549159854798,1882.1581749748534,1426.3909848799449,0.0,1044802.1715306863,0.5688771978402327,0.43112280215976745,0.43112280215976745,315.78861943720966,Arizona,AZPS
2025-10-12 21:00:00+00:00,3293.7064699293196,1857.1604572538554,1436.546012675464,0.0,1041042.2360824455,0.5638512339242265,0.43614876607577335,0.43614876607577335,316.0701311992703,Arizona,AZPS
2025-10-12 22:00:00+00:00,3391.2650000816207,1887.5714607271716,1503.6935393544493,0.0,1062925.5499318235,0.5565980425244685,0.44340195747553157,0.44340195747553157,313.4304013122658,Arizona,AZPS
2025-10-12 23:00:00+00:00,3450.3253736390243,2040.3993520836734,1409.9260215553513,0.0,1087616.5069745055,0.5913643297738278,0.40863567022617237,0.40863567022617237,315.2214325304071,Arizona,AZPS
2025-10-13 00:00:00+00:00,3382.3778084046235,2076.465164304678,1305.9126440999453,0.0,1016652.6483999273,0.6139069264069263,0.3860930735930736,0.3860930735930736,300.57335578353235,Arizona,AZPS
